implementation,n,m,s,r,w,z,stripe_bytes,data_bytes,sector_bytes,trial,trials,requested_threads,effective_threads,independent_groups,dependent_failures,seconds,data_MiB_s,codeword_MiB_s,independent_mult_xors,remainder_mult_xors,measured_mult_xors,baseline_mult_xors,baseline_median_seconds,speedup,efficiency,checksum,status
baseline,16,1,1,16,8,1,33554432,31326208,131072,1,10,1,1,0,17,0.039977104,747.303,800.458,0,527,527,527,0.040149306,1.004308,1.004308,32245b01c79a59cb,PASS
baseline,16,1,1,16,8,1,33554432,31326208,131072,2,10,1,1,0,17,0.038317335,779.673,835.131,0,527,527,527,0.040149306,1.047811,1.047811,32245b01c79a59cb,PASS
baseline,16,1,1,16,8,1,33554432,31326208,131072,3,10,1,1,0,17,0.042992079,694.895,744.323,0,527,527,527,0.040149306,0.933877,0.933877,32245b01c79a59cb,PASS
baseline,16,1,1,16,8,1,33554432,31326208,131072,4,10,1,1,0,17,0.040126581,744.519,797.476,0,527,527,527,0.040149306,1.000566,1.000566,32245b01c79a59cb,PASS
baseline,16,1,1,16,8,1,33554432,31326208,131072,5,10,1,1,0,17,0.040383037,739.791,792.412,0,527,527,527,0.040149306,0.994212,0.994212,32245b01c79a59cb,PASS
baseline,16,1,1,16,8,1,33554432,31326208,131072,6,10,1,1,0,17,0.045584034,655.383,702.000,0,527,527,527,0.040149306,0.880776,0.880776,32245b01c79a59cb,PASS
baseline,16,1,1,16,8,1,33554432,31326208,131072,7,10,1,1,0,17,0.040172032,743.677,796.574,0,527,527,527,0.040149306,0.999434,0.999434,32245b01c79a59cb,PASS
baseline,16,1,1,16,8,1,33554432,31326208,131072,8,10,1,1,0,17,0.038687338,772.216,827.144,0,527,527,527,0.040149306,1.037789,1.037789,32245b01c79a59cb,PASS
baseline,16,1,1,16,8,1,33554432,31326208,131072,9,10,1,1,0,17,0.039595897,754.497,808.165,0,527,527,527,0.040149306,1.013976,1.013976,32245b01c79a59cb,PASS
baseline,16,1,1,16,8,1,33554432,31326208,131072,10,10,1,1,0,17,0.040728330,733.519,785.694,0,527,527,527,0.040149306,0.985783,0.985783,32245b01c79a59cb,PASS
ppm,16,1,1,16,8,1,33554432,31326208,131072,1,10,1,1,15,2,0.035487769,841.839,901.719,225,272,497,527,0.040149306,1.131356,1.131356,32245b01c79a59cb,PASS
ppm,16,1,1,16,8,1,33554432,31326208,131072,2,10,1,1,15,2,0.035621492,838.679,898.334,225,272,497,527,0.040149306,1.127109,1.127109,32245b01c79a59cb,PASS
ppm,16,1,1,16,8,1,33554432,31326208,131072,3,10,1,1,15,2,0.035569049,839.916,899.659,225,272,497,527,0.040149306,1.128771,1.128771,32245b01c79a59cb,PASS
ppm,16,1,1,16,8,1,33554432,31326208,131072,4,10,1,1,15,2,0.035336082,845.453,905.590,225,272,497,527,0.040149306,1.136213,1.136213,32245b01c79a59cb,PASS
ppm,16,1,1,16,8,1,33554432,31326208,131072,5,10,1,1,15,2,0.035505048,841.430,901.280,225,272,497,527,0.040149306,1.130806,1.130806,32245b01c79a59cb,PASS
ppm,16,1,1,16,8,1,33554432,31326208,131072,6,10,1,1,15,2,0.035345132,845.237,905.358,225,272,497,527,0.040149306,1.135922,1.135922,32245b01c79a59cb,PASS
ppm,16,1,1,16,8,1,33554432,31326208,131072,7,10,1,1,15,2,0.035289887,846.560,906.775,225,272,497,527,0.040149306,1.137700,1.137700,32245b01c79a59cb,PASS
ppm,16,1,1,16,8,1,33554432,31326208,131072,8,10,1,1,15,2,0.035485332,841.897,901.781,225,272,497,527,0.040149306,1.131434,1.131434,32245b01c79a59cb,PASS
ppm,16,1,1,16,8,1,33554432,31326208,131072,9,10,1,1,15,2,0.038370198,778.599,833.981,225,272,497,527,0.040149306,1.046367,1.046367,32245b01c79a59cb,PASS
ppm,16,1,1,16,8,1,33554432,31326208,131072,10,10,1,1,15,2,0.035725432,836.239,895.720,225,272,497,527,0.040149306,1.123830,1.123830,32245b01c79a59cb,PASS
ppm,16,1,1,16,8,1,33554432,31326208,131072,1,10,2,2,15,2,0.030646571,974.824,1044.162,225,272,497,527,0.040149306,1.310075,0.655037,32245b01c79a59cb,PASS
ppm,16,1,1,16,8,1,33554432,31326208,131072,2,10,2,2,15,2,0.030822323,969.265,1038.209,225,272,497,527,0.040149306,1.302605,0.651302,32245b01c79a59cb,PASS
ppm,16,1,1,16,8,1,33554432,31326208,131072,3,10,2,2,15,2,0.030520485,978.851,1048.476,225,272,497,527,0.040149306,1.315487,0.657744,32245b01c79a59cb,PASS
ppm,16,1,1,16,8,1,33554432,31326208,131072,4,10,2,2,15,2,0.030597882,976.375,1045.824,225,272,497,527,0.040149306,1.312160,0.656080,32245b01c79a59cb,PASS
ppm,16,1,1,16,8,1,33554432,31326208,131072,5,10,2,2,15,2,0.030327187,985.090,1055.159,225,272,497,527,0.040149306,1.323872,0.661936,32245b01c79a59cb,PASS
ppm,16,1,1,16,8,1,33554432,31326208,131072,6,10,2,2,15,2,0.030243898,987.803,1058.065,225,272,497,527,0.040149306,1.327518,0.663759,32245b01c79a59cb,PASS
ppm,16,1,1,16,8,1,33554432,31326208,131072,7,10,2,2,15,2,0.030654776,974.563,1043.883,225,272,497,527,0.040149306,1.309724,0.654862,32245b01c79a59cb,PASS
ppm,16,1,1,16,8,1,33554432,31326208,131072,8,10,2,2,15,2,0.031174082,958.328,1026.494,225,272,497,527,0.040149306,1.287907,0.643953,32245b01c79a59cb,PASS
ppm,16,1,1,16,8,1,33554432,31326208,131072,9,10,2,2,15,2,0.031292290,954.708,1022.616,225,272,497,527,0.040149306,1.283041,0.641521,32245b01c79a59cb,PASS
ppm,16,1,1,16,8,1,33554432,31326208,131072,10,10,2,2,15,2,0.030517108,978.959,1048.592,225,272,497,527,0.040149306,1.315633,0.657816,32245b01c79a59cb,PASS
ppm,16,1,1,16,8,1,33554432,31326208,131072,1,10,4,4,15,2,0.030363383,983.915,1053.901,225,272,497,527,0.040149306,1.322294,0.330573,32245b01c79a59cb,PASS
ppm,16,1,1,16,8,1,33554432,31326208,131072,2,10,4,4,15,2,0.029042854,1028.652,1101.820,225,272,497,527,0.040149306,1.382416,0.345604,32245b01c79a59cb,PASS
ppm,16,1,1,16,8,1,33554432,31326208,131072,3,10,4,4,15,2,0.028257138,1057.255,1132.457,225,272,497,527,0.040149306,1.420855,0.355214,32245b01c79a59cb,PASS
ppm,16,1,1,16,8,1,33554432,31326208,131072,4,10,4,4,15,2,0.029432765,1015.025,1087.224,225,272,497,527,0.040149306,1.364102,0.341026,32245b01c79a59cb,PASS
ppm,16,1,1,16,8,1,33554432,31326208,131072,5,10,4,4,15,2,0.028860493,1035.152,1108.782,225,272,497,527,0.040149306,1.391151,0.347788,32245b01c79a59cb,PASS
ppm,16,1,1,16,8,1,33554432,31326208,131072,6,10,4,4,15,2,0.029526393,1011.807,1083.776,225,272,497,527,0.040149306,1.359777,0.339944,32245b01c79a59cb,PASS
ppm,16,1,1,16,8,1,33554432,31326208,131072,7,10,4,4,15,2,0.034484346,866.335,927.957,225,272,497,527,0.040149306,1.164276,0.291069,32245b01c79a59cb,PASS
ppm,16,1,1,16,8,1,33554432,31326208,131072,8,10,4,4,15,2,0.038643042,773.102,828.092,225,272,497,527,0.040149306,1.038979,0.259745,32245b01c79a59cb,PASS
ppm,16,1,1,16,8,1,33554432,31326208,131072,9,10,4,4,15,2,0.032243538,926.542,992.447,225,272,497,527,0.040149306,1.245189,0.311297,32245b01c79a59cb,PASS
ppm,16,1,1,16,8,1,33554432,31326208,131072,10,10,4,4,15,2,0.032715317,913.181,978.135,225,272,497,527,0.040149306,1.227233,0.306808,32245b01c79a59cb,PASS
ppm,16,1,1,16,8,1,33554432,31326208,131072,1,10,8,8,15,2,0.032735793,912.610,977.523,225,272,497,527,0.040149306,1.226465,0.153308,32245b01c79a59cb,PASS
ppm,16,1,1,16,8,1,33554432,31326208,131072,2,10,8,8,15,2,0.028598488,1044.636,1118.940,225,272,497,527,0.040149306,1.403896,0.175487,32245b01c79a59cb,PASS
ppm,16,1,1,16,8,1,33554432,31326208,131072,3,10,8,8,15,2,0.034672571,861.632,922.920,225,272,497,527,0.040149306,1.157956,0.144744,32245b01c79a59cb,PASS
ppm,16,1,1,16,8,1,33554432,31326208,131072,4,10,8,8,15,2,0.028154331,1061.116,1136.592,225,272,497,527,0.040149306,1.426044,0.178255,32245b01c79a59cb,PASS
ppm,16,1,1,16,8,1,33554432,31326208,131072,5,10,8,8,15,2,0.028348388,1053.852,1128.812,225,272,497,527,0.040149306,1.416282,0.177035,32245b01c79a59cb,PASS
ppm,16,1,1,16,8,1,33554432,31326208,131072,6,10,8,8,15,2,0.027392427,1090.630,1168.206,225,272,497,527,0.040149306,1.465708,0.183214,32245b01c79a59cb,PASS
ppm,16,1,1,16,8,1,33554432,31326208,131072,7,10,8,8,15,2,0.029881003,999.799,1070.915,225,272,497,527,0.040149306,1.343640,0.167955,32245b01c79a59cb,PASS
ppm,16,1,1,16,8,1,33554432,31326208,131072,8,10,8,8,15,2,0.029774448,1003.377,1074.747,225,272,497,527,0.040149306,1.348448,0.168556,32245b01c79a59cb,PASS
ppm,16,1,1,16,8,1,33554432,31326208,131072,9,10,8,8,15,2,0.027712667,1078.027,1154.707,225,272,497,527,0.040149306,1.448771,0.181096,32245b01c79a59cb,PASS
ppm,16,1,1,16,8,1,33554432,31326208,131072,10,10,8,8,15,2,0.028117784,1062.495,1138.070,225,272,497,527,0.040149306,1.427897,0.178487,32245b01c79a59cb,PASS
baseline,16,1,2,16,16,1,33554432,31195136,131072,1,10,1,1,0,18,0.050608456,587.846,632.305,0,783,783,783,0.050883280,1.005430,1.005430,6100d6a8bb694ebb,PASS
baseline,16,1,2,16,16,1,33554432,31195136,131072,2,10,1,1,0,18,0.051546396,577.150,620.800,0,783,783,783,0.050883280,0.987136,0.987136,6100d6a8bb694ebb,PASS
baseline,16,1,2,16,16,1,33554432,31195136,131072,3,10,1,1,0,18,0.051467366,578.036,621.753,0,783,783,783,0.050883280,0.988651,0.988651,6100d6a8bb694ebb,PASS
baseline,16,1,2,16,16,1,33554432,31195136,131072,4,10,1,1,0,18,0.050973006,583.642,627.783,0,783,783,783,0.050883280,0.998240,0.998240,6100d6a8bb694ebb,PASS
baseline,16,1,2,16,16,1,33554432,31195136,131072,5,10,1,1,0,18,0.050816923,585.435,629.711,0,783,783,783,0.050883280,1.001306,1.001306,6100d6a8bb694ebb,PASS
baseline,16,1,2,16,16,1,33554432,31195136,131072,6,10,1,1,0,18,0.051097731,582.218,626.251,0,783,783,783,0.050883280,0.995803,0.995803,6100d6a8bb694ebb,PASS
baseline,16,1,2,16,16,1,33554432,31195136,131072,7,10,1,1,0,18,0.050949636,583.910,628.071,0,783,783,783,0.050883280,0.998698,0.998698,6100d6a8bb694ebb,PASS
baseline,16,1,2,16,16,1,33554432,31195136,131072,8,10,1,1,0,18,0.050468347,589.478,634.061,0,783,783,783,0.050883280,1.008222,1.008222,6100d6a8bb694ebb,PASS
baseline,16,1,2,16,16,1,33554432,31195136,131072,9,10,1,1,0,18,0.050554620,588.472,632.979,0,783,783,783,0.050883280,1.006501,1.006501,6100d6a8bb694ebb,PASS
baseline,16,1,2,16,16,1,33554432,31195136,131072,10,10,1,1,0,18,0.050732281,586.412,630.762,0,783,783,783,0.050883280,1.002976,1.002976,6100d6a8bb694ebb,PASS
ppm,16,1,2,16,16,1,33554432,31195136,131072,1,10,1,1,15,3,0.048927749,608.039,654.026,225,528,753,783,0.050883280,1.039968,1.039968,6100d6a8bb694ebb,PASS
ppm,16,1,2,16,16,1,33554432,31195136,131072,2,10,1,1,15,3,0.048539840,612.899,659.252,225,528,753,783,0.050883280,1.048279,1.048279,6100d6a8bb694ebb,PASS
ppm,16,1,2,16,16,1,33554432,31195136,131072,3,10,1,1,15,3,0.049805342,597.325,642.501,225,528,753,783,0.050883280,1.021643,1.021643,6100d6a8bb694ebb,PASS
ppm,16,1,2,16,16,1,33554432,31195136,131072,4,10,1,1,15,3,0.048823924,609.332,655.416,225,528,753,783,0.050883280,1.042179,1.042179,6100d6a8bb694ebb,PASS
ppm,16,1,2,16,16,1,33554432,31195136,131072,5,10,1,1,15,3,0.049051714,606.503,652.373,225,528,753,783,0.050883280,1.037339,1.037339,6100d6a8bb694ebb,PASS
ppm,16,1,2,16,16,1,33554432,31195136,131072,6,10,1,1,15,3,0.048972719,607.481,653.425,225,528,753,783,0.050883280,1.039013,1.039013,6100d6a8bb694ebb,PASS
ppm,16,1,2,16,16,1,33554432,31195136,131072,7,10,1,1,15,3,0.049283752,603.647,649.301,225,528,753,783,0.050883280,1.032455,1.032455,6100d6a8bb694ebb,PASS
ppm,16,1,2,16,16,1,33554432,31195136,131072,8,10,1,1,15,3,0.049791547,597.491,642.679,225,528,753,783,0.050883280,1.021926,1.021926,6100d6a8bb694ebb,PASS
ppm,16,1,2,16,16,1,33554432,31195136,131072,9,10,1,1,15,3,0.064850087,458.750,493.446,225,528,753,783,0.050883280,0.784629,0.784629,6100d6a8bb694ebb,PASS
ppm,16,1,2,16,16,1,33554432,31195136,131072,10,10,1,1,15,3,0.056521032,526.353,566.161,225,528,753,783,0.050883280,0.900254,0.900254,6100d6a8bb694ebb,PASS
ppm,16,1,2,16,16,1,33554432,31195136,131072,1,10,2,2,15,3,0.060396318,492.580,529.834,225,528,753,783,0.050883280,0.842490,0.421245,6100d6a8bb694ebb,PASS
ppm,16,1,2,16,16,1,33554432,31195136,131072,2,10,2,2,15,3,0.047483786,626.530,673.914,225,528,753,783,0.050883280,1.071593,0.535796,6100d6a8bb694ebb,PASS
ppm,16,1,2,16,16,1,33554432,31195136,131072,3,10,2,2,15,3,0.045862137,648.683,697.743,225,528,753,783,0.050883280,1.109483,0.554742,6100d6a8bb694ebb,PASS
ppm,16,1,2,16,16,1,33554432,31195136,131072,4,10,2,2,15,3,0.044052956,675.324,726.398,225,528,753,783,0.050883280,1.155048,0.577524,6100d6a8bb694ebb,PASS
ppm,16,1,2,16,16,1,33554432,31195136,131072,5,10,2,2,15,3,0.046683808,637.266,685.463,225,528,753,783,0.050883280,1.089956,0.544978,6100d6a8bb694ebb,PASS
ppm,16,1,2,16,16,1,33554432,31195136,131072,6,10,2,2,15,3,0.046594180,638.492,686.781,225,528,753,783,0.050883280,1.092052,0.546026,6100d6a8bb694ebb,PASS
ppm,16,1,2,16,16,1,33554432,31195136,131072,7,10,2,2,15,3,0.046984076,633.193,681.082,225,528,753,783,0.050883280,1.082990,0.541495,6100d6a8bb694ebb,PASS
ppm,16,1,2,16,16,1,33554432,31195136,131072,8,10,2,2,15,3,0.044505450,668.457,719.013,225,528,753,783,0.050883280,1.143304,0.571652,6100d6a8bb694ebb,PASS
ppm,16,1,2,16,16,1,33554432,31195136,131072,9,10,2,2,15,3,0.044178093,673.411,724.341,225,528,753,783,0.050883280,1.151776,0.575888,6100d6a8bb694ebb,PASS
ppm,16,1,2,16,16,1,33554432,31195136,131072,10,10,2,2,15,3,0.044862388,663.139,713.292,225,528,753,783,0.050883280,1.134208,0.567104,6100d6a8bb694ebb,PASS
ppm,16,1,2,16,16,1,33554432,31195136,131072,1,10,4,4,15,3,0.042993051,691.972,744.306,225,528,753,783,0.050883280,1.183523,0.295881,6100d6a8bb694ebb,PASS
ppm,16,1,2,16,16,1,33554432,31195136,131072,2,10,4,4,15,3,0.042952215,692.630,745.014,225,528,753,783,0.050883280,1.184649,0.296162,6100d6a8bb694ebb,PASS
ppm,16,1,2,16,16,1,33554432,31195136,131072,3,10,4,4,15,3,0.043397460,685.524,737.370,225,528,753,783,0.050883280,1.172494,0.293124,6100d6a8bb694ebb,PASS
ppm,16,1,2,16,16,1,33554432,31195136,131072,4,10,4,4,15,3,0.043474501,684.309,736.064,225,528,753,783,0.050883280,1.170417,0.292604,6100d6a8bb694ebb,PASS
ppm,16,1,2,16,16,1,33554432,31195136,131072,5,10,4,4,15,3,0.042959255,692.517,744.892,225,528,753,783,0.050883280,1.184454,0.296114,6100d6a8bb694ebb,PASS
ppm,16,1,2,16,16,1,33554432,31195136,131072,6,10,4,4,15,3,0.042841515,694.420,746.939,225,528,753,783,0.050883280,1.187710,0.296927,6100d6a8bb694ebb,PASS
ppm,16,1,2,16,16,1,33554432,31195136,131072,7,10,4,4,15,3,0.044325703,671.168,721.929,225,528,753,783,0.050883280,1.147941,0.286985,6100d6a8bb694ebb,PASS
ppm,16,1,2,16,16,1,33554432,31195136,131072,8,10,4,4,15,3,0.042228973,704.493,757.774,225,528,753,783,0.050883280,1.204938,0.301234,6100d6a8bb694ebb,PASS
ppm,16,1,2,16,16,1,33554432,31195136,131072,9,10,4,4,15,3,0.043194971,688.738,740.827,225,528,753,783,0.050883280,1.177991,0.294498,6100d6a8bb694ebb,PASS
ppm,16,1,2,16,16,1,33554432,31195136,131072,10,10,4,4,15,3,0.042749333,695.917,748.550,225,528,753,783,0.050883280,1.190271,0.297568,6100d6a8bb694ebb,PASS
ppm,16,1,2,16,16,1,33554432,31195136,131072,1,10,8,8,15,3,0.041630278,714.624,768.671,225,528,753,783,0.050883280,1.222266,0.152783,6100d6a8bb694ebb,PASS
ppm,16,1,2,16,16,1,33554432,31195136,131072,2,10,8,8,15,3,0.041128778,723.338,778.044,225,528,753,783,0.050883280,1.237170,0.154646,6100d6a8bb694ebb,PASS
ppm,16,1,2,16,16,1,33554432,31195136,131072,3,10,8,8,15,3,0.041970296,708.835,762.444,225,528,753,783,0.050883280,1.212364,0.151546,6100d6a8bb694ebb,PASS
ppm,16,1,2,16,16,1,33554432,31195136,131072,4,10,8,8,15,3,0.041617198,714.849,768.913,225,528,753,783,0.050883280,1.222650,0.152831,6100d6a8bb694ebb,PASS
ppm,16,1,2,16,16,1,33554432,31195136,131072,5,10,8,8,15,3,0.041878792,710.383,764.110,225,528,753,783,0.050883280,1.215013,0.151877,6100d6a8bb694ebb,PASS
ppm,16,1,2,16,16,1,33554432,31195136,131072,6,10,8,8,15,3,0.042113189,706.430,759.857,225,528,753,783,0.050883280,1.208250,0.151031,6100d6a8bb694ebb,PASS
ppm,16,1,2,16,16,1,33554432,31195136,131072,7,10,8,8,15,3,0.041687148,713.649,767.623,225,528,753,783,0.050883280,1.220599,0.152575,6100d6a8bb694ebb,PASS
ppm,16,1,2,16,16,1,33554432,31195136,131072,8,10,8,8,15,3,0.042706992,696.607,749.292,225,528,753,783,0.050883280,1.191451,0.148931,6100d6a8bb694ebb,PASS
ppm,16,1,2,16,16,1,33554432,31195136,131072,9,10,8,8,15,3,0.042044313,707.587,761.102,225,528,753,783,0.050883280,1.210230,0.151279,6100d6a8bb694ebb,PASS
ppm,16,1,2,16,16,1,33554432,31195136,131072,10,10,8,8,15,3,0.041700620,713.419,767.375,225,528,753,783,0.050883280,1.220204,0.152526,6100d6a8bb694ebb,PASS
baseline,16,1,3,16,32,1,33554432,31064064,131072,1,10,1,1,0,19,0.047115438,628.775,679.183,0,1039,1039,1039,0.047393522,1.005902,1.005902,253b0b42a3723b6b,PASS
baseline,16,1,3,16,32,1,33554432,31064064,131072,2,10,1,1,0,19,0.053344129,555.356,599.879,0,1039,1039,1039,0.047393522,0.888449,0.888449,253b0b42a3723b6b,PASS
baseline,16,1,3,16,32,1,33554432,31064064,131072,3,10,1,1,0,19,0.047419511,624.743,674.828,0,1039,1039,1039,0.047393522,0.999452,0.999452,253b0b42a3723b6b,PASS
baseline,16,1,3,16,32,1,33554432,31064064,131072,4,10,1,1,0,19,0.047471646,624.057,674.087,0,1039,1039,1039,0.047393522,0.998354,0.998354,253b0b42a3723b6b,PASS
baseline,16,1,3,16,32,1,33554432,31064064,131072,5,10,1,1,0,19,0.047369271,625.405,675.543,0,1039,1039,1039,0.047393522,1.000512,1.000512,253b0b42a3723b6b,PASS
baseline,16,1,3,16,32,1,33554432,31064064,131072,6,10,1,1,0,19,0.047158749,628.197,678.559,0,1039,1039,1039,0.047393522,1.004978,1.004978,253b0b42a3723b6b,PASS
baseline,16,1,3,16,32,1,33554432,31064064,131072,7,10,1,1,0,19,0.047898829,618.491,668.075,0,1039,1039,1039,0.047393522,0.989451,0.989451,253b0b42a3723b6b,PASS
baseline,16,1,3,16,32,1,33554432,31064064,131072,8,10,1,1,0,19,0.047417773,624.766,674.852,0,1039,1039,1039,0.047393522,0.999489,0.999489,253b0b42a3723b6b,PASS
baseline,16,1,3,16,32,1,33554432,31064064,131072,9,10,1,1,0,19,0.047320350,626.052,676.242,0,1039,1039,1039,0.047393522,1.001546,1.001546,253b0b42a3723b6b,PASS
baseline,16,1,3,16,32,1,33554432,31064064,131072,10,10,1,1,0,19,0.047185309,627.844,678.177,0,1039,1039,1039,0.047393522,1.004413,1.004413,253b0b42a3723b6b,PASS
ppm,16,1,3,16,32,1,33554432,31064064,131072,1,10,1,1,15,4,0.045718043,647.994,699.942,225,784,1009,1039,0.047393522,1.036648,1.036648,253b0b42a3723b6b,PASS
ppm,16,1,3,16,32,1,33554432,31064064,131072,2,10,1,1,15,4,0.045723663,647.914,699.856,225,784,1009,1039,0.047393522,1.036521,1.036521,253b0b42a3723b6b,PASS
ppm,16,1,3,16,32,1,33554432,31064064,131072,3,10,1,1,15,4,0.045583773,649.902,702.004,225,784,1009,1039,0.047393522,1.039702,1.039702,253b0b42a3723b6b,PASS
ppm,16,1,3,16,32,1,33554432,31064064,131072,4,10,1,1,15,4,0.045550815,650.373,702.512,225,784,1009,1039,0.047393522,1.040454,1.040454,253b0b42a3723b6b,PASS
ppm,16,1,3,16,32,1,33554432,31064064,131072,5,10,1,1,15,4,0.045428361,652.126,704.406,225,784,1009,1039,0.047393522,1.043258,1.043258,253b0b42a3723b6b,PASS
ppm,16,1,3,16,32,1,33554432,31064064,131072,6,10,1,1,15,4,0.045574574,650.034,702.146,225,784,1009,1039,0.047393522,1.039911,1.039911,253b0b42a3723b6b,PASS
ppm,16,1,3,16,32,1,33554432,31064064,131072,7,10,1,1,15,4,0.045295529,654.038,706.471,225,784,1009,1039,0.047393522,1.046318,1.046318,253b0b42a3723b6b,PASS
ppm,16,1,3,16,32,1,33554432,31064064,131072,8,10,1,1,15,4,0.045615209,649.454,701.520,225,784,1009,1039,0.047393522,1.038985,1.038985,253b0b42a3723b6b,PASS
ppm,16,1,3,16,32,1,33554432,31064064,131072,9,10,1,1,15,4,0.045432497,652.066,704.342,225,784,1009,1039,0.047393522,1.043163,1.043163,253b0b42a3723b6b,PASS
ppm,16,1,3,16,32,1,33554432,31064064,131072,10,10,1,1,15,4,0.045947261,644.761,696.451,225,784,1009,1039,0.047393522,1.031477,1.031477,253b0b42a3723b6b,PASS
ppm,16,1,3,16,32,1,33554432,31064064,131072,1,10,2,2,15,4,0.041237780,718.395,775.987,225,784,1009,1039,0.047393522,1.149274,0.574637,253b0b42a3723b6b,PASS
ppm,16,1,3,16,32,1,33554432,31064064,131072,2,10,2,2,15,4,0.042715658,693.540,749.140,225,784,1009,1039,0.047393522,1.109512,0.554756,253b0b42a3723b6b,PASS
ppm,16,1,3,16,32,1,33554432,31064064,131072,3,10,2,2,15,4,0.042213774,701.785,758.046,225,784,1009,1039,0.047393522,1.122703,0.561351,253b0b42a3723b6b,PASS
ppm,16,1,3,16,32,1,33554432,31064064,131072,4,10,2,2,15,4,0.041673448,710.884,767.875,225,784,1009,1039,0.047393522,1.137259,0.568630,253b0b42a3723b6b,PASS
ppm,16,1,3,16,32,1,33554432,31064064,131072,5,10,2,2,15,4,0.041369814,716.102,773.511,225,784,1009,1039,0.047393522,1.145606,0.572803,253b0b42a3723b6b,PASS
ppm,16,1,3,16,32,1,33554432,31064064,131072,6,10,2,2,15,4,0.041067236,721.378,779.210,225,784,1009,1039,0.047393522,1.154047,0.577024,253b0b42a3723b6b,PASS
ppm,16,1,3,16,32,1,33554432,31064064,131072,7,10,2,2,15,4,0.040500836,731.466,790.107,225,784,1009,1039,0.047393522,1.170186,0.585093,253b0b42a3723b6b,PASS
ppm,16,1,3,16,32,1,33554432,31064064,131072,8,10,2,2,15,4,0.042113191,703.461,759.857,225,784,1009,1039,0.047393522,1.125384,0.562692,253b0b42a3723b6b,PASS
ppm,16,1,3,16,32,1,33554432,31064064,131072,9,10,2,2,15,4,0.041599902,712.141,769.233,225,784,1009,1039,0.047393522,1.139270,0.569635,253b0b42a3723b6b,PASS
ppm,16,1,3,16,32,1,33554432,31064064,131072,10,10,2,2,15,4,0.041789371,708.912,765.745,225,784,1009,1039,0.047393522,1.134105,0.567052,253b0b42a3723b6b,PASS
ppm,16,1,3,16,32,1,33554432,31064064,131072,1,10,4,4,15,4,0.039386398,752.163,812.463,225,784,1009,1039,0.047393522,1.203297,0.300824,253b0b42a3723b6b,PASS
ppm,16,1,3,16,32,1,33554432,31064064,131072,2,10,4,4,15,4,0.040469858,732.026,790.712,225,784,1009,1039,0.047393522,1.171082,0.292770,253b0b42a3723b6b,PASS
ppm,16,1,3,16,32,1,33554432,31064064,131072,3,10,4,4,15,4,0.038962870,760.339,821.295,225,784,1009,1039,0.047393522,1.216377,0.304094,253b0b42a3723b6b,PASS
ppm,16,1,3,16,32,1,33554432,31064064,131072,4,10,4,4,15,4,0.039394563,752.007,812.295,225,784,1009,1039,0.047393522,1.203047,0.300762,253b0b42a3723b6b,PASS
ppm,16,1,3,16,32,1,33554432,31064064,131072,5,10,4,4,15,4,0.039862070,743.188,802.768,225,784,1009,1039,0.047393522,1.188938,0.297234,253b0b42a3723b6b,PASS
ppm,16,1,3,16,32,1,33554432,31064064,131072,6,10,4,4,15,4,0.040259179,735.857,794.850,225,784,1009,1039,0.047393522,1.177210,0.294303,253b0b42a3723b6b,PASS
ppm,16,1,3,16,32,1,33554432,31064064,131072,7,10,4,4,15,4,0.041091119,720.959,778.757,225,784,1009,1039,0.047393522,1.153376,0.288344,253b0b42a3723b6b,PASS
ppm,16,1,3,16,32,1,33554432,31064064,131072,8,10,4,4,15,4,0.038609843,767.291,828.804,225,784,1009,1039,0.047393522,1.227498,0.306875,253b0b42a3723b6b,PASS
ppm,16,1,3,16,32,1,33554432,31064064,131072,9,10,4,4,15,4,0.043055109,688.072,743.234,225,784,1009,1039,0.047393522,1.100764,0.275191,253b0b42a3723b6b,PASS
ppm,16,1,3,16,32,1,33554432,31064064,131072,10,10,4,4,15,4,0.038658789,766.320,827.755,225,784,1009,1039,0.047393522,1.225944,0.306486,253b0b42a3723b6b,PASS
ppm,16,1,3,16,32,1,33554432,31064064,131072,1,10,8,8,15,4,0.038522187,769.037,830.690,225,784,1009,1039,0.047393522,1.230292,0.153786,253b0b42a3723b6b,PASS
ppm,16,1,3,16,32,1,33554432,31064064,131072,2,10,8,8,15,4,0.038108407,777.388,839.710,225,784,1009,1039,0.047393522,1.243650,0.155456,253b0b42a3723b6b,PASS
ppm,16,1,3,16,32,1,33554432,31064064,131072,3,10,8,8,15,4,0.039081710,758.027,818.797,225,784,1009,1039,0.047393522,1.212678,0.151585,253b0b42a3723b6b,PASS
ppm,16,1,3,16,32,1,33554432,31064064,131072,4,10,8,8,15,4,0.039270147,754.390,814.868,225,784,1009,1039,0.047393522,1.206859,0.150857,253b0b42a3723b6b,PASS
ppm,16,1,3,16,32,1,33554432,31064064,131072,5,10,8,8,15,4,0.046262451,640.368,691.706,225,784,1009,1039,0.047393522,1.024449,0.128056,253b0b42a3723b6b,PASS
ppm,16,1,3,16,32,1,33554432,31064064,131072,6,10,8,8,15,4,0.043687648,678.109,732.472,225,784,1009,1039,0.047393522,1.084827,0.135603,253b0b42a3723b6b,PASS
ppm,16,1,3,16,32,1,33554432,31064064,131072,7,10,8,8,15,4,0.039716079,745.920,805.719,225,784,1009,1039,0.047393522,1.193308,0.149164,253b0b42a3723b6b,PASS
ppm,16,1,3,16,32,1,33554432,31064064,131072,8,10,8,8,15,4,0.041016240,722.275,780.179,225,784,1009,1039,0.047393522,1.155482,0.144435,253b0b42a3723b6b,PASS
ppm,16,1,3,16,32,1,33554432,31064064,131072,9,10,8,8,15,4,0.040813661,725.860,784.051,225,784,1009,1039,0.047393522,1.161217,0.145152,253b0b42a3723b6b,PASS
ppm,16,1,3,16,32,1,33554432,31064064,131072,10,10,8,8,15,4,0.071323856,415.359,448.658,225,784,1009,1039,0.047393522,0.664483,0.083060,253b0b42a3723b6b,PASS
baseline,16,2,1,16,8,1,33554432,29229056,131072,1,10,1,1,0,33,0.067895616,410.557,471.312,0,828,828,828,0.068685899,1.011640,1.011640,7280f9f79ad51ad7,PASS
baseline,16,2,1,16,8,1,33554432,29229056,131072,2,10,1,1,0,33,0.068180063,408.844,469.345,0,828,828,828,0.068685899,1.007419,1.007419,7280f9f79ad51ad7,PASS
baseline,16,2,1,16,8,1,33554432,29229056,131072,3,10,1,1,0,33,0.069656667,400.177,459.396,0,828,828,828,0.068685899,0.986064,0.986064,7280f9f79ad51ad7,PASS
baseline,16,2,1,16,8,1,33554432,29229056,131072,4,10,1,1,0,33,0.068736283,405.535,465.547,0,828,828,828,0.068685899,0.999267,0.999267,7280f9f79ad51ad7,PASS
baseline,16,2,1,16,8,1,33554432,29229056,131072,5,10,1,1,0,33,0.068496288,406.956,467.179,0,828,828,828,0.068685899,1.002768,1.002768,7280f9f79ad51ad7,PASS
baseline,16,2,1,16,8,1,33554432,29229056,131072,6,10,1,1,0,33,0.068652811,406.029,466.113,0,828,828,828,0.068685899,1.000482,1.000482,7280f9f79ad51ad7,PASS
baseline,16,2,1,16,8,1,33554432,29229056,131072,7,10,1,1,0,33,0.068861745,404.797,464.699,0,828,828,828,0.068685899,0.997446,0.997446,7280f9f79ad51ad7,PASS
baseline,16,2,1,16,8,1,33554432,29229056,131072,8,10,1,1,0,33,0.068718987,405.638,465.665,0,828,828,828,0.068685899,0.999519,0.999519,7280f9f79ad51ad7,PASS
baseline,16,2,1,16,8,1,33554432,29229056,131072,9,10,1,1,0,33,0.068524595,406.788,466.986,0,828,828,828,0.068685899,1.002354,1.002354,7280f9f79ad51ad7,PASS
baseline,16,2,1,16,8,1,33554432,29229056,131072,10,10,1,1,0,33,0.069658614,400.166,459.383,0,828,828,828,0.068685899,0.986036,0.986036,7280f9f79ad51ad7,PASS
ppm,16,2,1,16,8,1,33554432,29229056,131072,1,10,1,1,15,3,0.066925638,416.507,478.143,420,288,708,828,0.068685899,1.026302,1.026302,7280f9f79ad51ad7,PASS
ppm,16,2,1,16,8,1,33554432,29229056,131072,2,10,1,1,15,3,0.067202770,414.789,476.171,420,288,708,828,0.068685899,1.022069,1.022069,7280f9f79ad51ad7,PASS
ppm,16,2,1,16,8,1,33554432,29229056,131072,3,10,1,1,15,3,0.067023332,415.900,477.446,420,288,708,828,0.068685899,1.024806,1.024806,7280f9f79ad51ad7,PASS
ppm,16,2,1,16,8,1,33554432,29229056,131072,4,10,1,1,15,3,0.067554780,412.628,473.690,420,288,708,828,0.068685899,1.016744,1.016744,7280f9f79ad51ad7,PASS
ppm,16,2,1,16,8,1,33554432,29229056,131072,5,10,1,1,15,3,0.066721085,417.784,479.609,420,288,708,828,0.068685899,1.029448,1.029448,7280f9f79ad51ad7,PASS
ppm,16,2,1,16,8,1,33554432,29229056,131072,6,10,1,1,15,3,0.067128750,415.247,476.696,420,288,708,828,0.068685899,1.023196,1.023196,7280f9f79ad51ad7,PASS
ppm,16,2,1,16,8,1,33554432,29229056,131072,7,10,1,1,15,3,0.067822761,410.998,471.818,420,288,708,828,0.068685899,1.012726,1.012726,7280f9f79ad51ad7,PASS
ppm,16,2,1,16,8,1,33554432,29229056,131072,8,10,1,1,15,3,0.068035137,409.715,470.345,420,288,708,828,0.068685899,1.009565,1.009565,7280f9f79ad51ad7,PASS
ppm,16,2,1,16,8,1,33554432,29229056,131072,9,10,1,1,15,3,0.067465438,413.175,474.317,420,288,708,828,0.068685899,1.018090,1.018090,7280f9f79ad51ad7,PASS
ppm,16,2,1,16,8,1,33554432,29229056,131072,10,10,1,1,15,3,0.067216102,414.707,476.076,420,288,708,828,0.068685899,1.021867,1.021867,7280f9f79ad51ad7,PASS
ppm,16,2,1,16,8,1,33554432,29229056,131072,1,10,2,2,15,3,0.055682397,500.607,574.688,420,288,708,828,0.068685899,1.233530,0.616765,7280f9f79ad51ad7,PASS
ppm,16,2,1,16,8,1,33554432,29229056,131072,2,10,2,2,15,3,0.049366290,564.657,648.216,420,288,708,828,0.068685899,1.391352,0.695676,7280f9f79ad51ad7,PASS
ppm,16,2,1,16,8,1,33554432,29229056,131072,3,10,2,2,15,3,0.069987764,398.284,457.223,420,288,708,828,0.068685899,0.981399,0.490699,7280f9f79ad51ad7,PASS
ppm,16,2,1,16,8,1,33554432,29229056,131072,4,10,2,2,15,3,0.048088987,579.655,665.433,420,288,708,828,0.068685899,1.428308,0.714154,7280f9f79ad51ad7,PASS
ppm,16,2,1,16,8,1,33554432,29229056,131072,5,10,2,2,15,3,0.054905296,507.692,582.822,420,288,708,828,0.068685899,1.250989,0.625494,7280f9f79ad51ad7,PASS
ppm,16,2,1,16,8,1,33554432,29229056,131072,6,10,2,2,15,3,0.066302422,420.422,482.637,420,288,708,828,0.068685899,1.035949,0.517974,7280f9f79ad51ad7,PASS
ppm,16,2,1,16,8,1,33554432,29229056,131072,7,10,2,2,15,3,0.058587503,475.784,546.192,420,288,708,828,0.068685899,1.172364,0.586182,7280f9f79ad51ad7,PASS
ppm,16,2,1,16,8,1,33554432,29229056,131072,8,10,2,2,15,3,0.052515067,530.800,609.349,420,288,708,828,0.068685899,1.307927,0.653964,7280f9f79ad51ad7,PASS
ppm,16,2,1,16,8,1,33554432,29229056,131072,9,10,2,2,15,3,0.051966521,536.403,615.781,420,288,708,828,0.068685899,1.321734,0.660867,7280f9f79ad51ad7,PASS
ppm,16,2,1,16,8,1,33554432,29229056,131072,10,10,2,2,15,3,0.054931697,507.448,582.542,420,288,708,828,0.068685899,1.250387,0.625194,7280f9f79ad51ad7,PASS
ppm,16,2,1,16,8,1,33554432,29229056,131072,1,10,4,4,15,3,0.044927985,620.437,712.251,420,288,708,828,0.068685899,1.528800,0.382200,7280f9f79ad51ad7,PASS
ppm,16,2,1,16,8,1,33554432,29229056,131072,2,10,4,4,15,3,0.040603985,686.509,788.100,420,288,708,828,0.068685899,1.691605,0.422901,7280f9f79ad51ad7,PASS
ppm,16,2,1,16,8,1,33554432,29229056,131072,3,10,4,4,15,3,0.046040450,605.446,695.041,420,288,708,828,0.068685899,1.491860,0.372965,7280f9f79ad51ad7,PASS
ppm,16,2,1,16,8,1,33554432,29229056,131072,4,10,4,4,15,3,0.039376735,707.905,812.663,420,288,708,828,0.068685899,1.744327,0.436082,7280f9f79ad51ad7,PASS
ppm,16,2,1,16,8,1,33554432,29229056,131072,5,10,4,4,15,3,0.042872604,650.182,746.397,420,288,708,828,0.068685899,1.602093,0.400523,7280f9f79ad51ad7,PASS
ppm,16,2,1,16,8,1,33554432,29229056,131072,6,10,4,4,15,3,0.044184954,630.871,724.228,420,288,708,828,0.068685899,1.554509,0.388627,7280f9f79ad51ad7,PASS
ppm,16,2,1,16,8,1,33554432,29229056,131072,7,10,4,4,15,3,0.043840522,635.827,729.918,420,288,708,828,0.068685899,1.566722,0.391680,7280f9f79ad51ad7,PASS
ppm,16,2,1,16,8,1,33554432,29229056,131072,8,10,4,4,15,3,0.040510632,688.091,789.916,420,288,708,828,0.068685899,1.695503,0.423876,7280f9f79ad51ad7,PASS
ppm,16,2,1,16,8,1,33554432,29229056,131072,9,10,4,4,15,3,0.039706298,702.030,805.917,420,288,708,828,0.068685899,1.729849,0.432462,7280f9f79ad51ad7,PASS
ppm,16,2,1,16,8,1,33554432,29229056,131072,10,10,4,4,15,3,0.040066331,695.721,798.676,420,288,708,828,0.068685899,1.714305,0.428576,7280f9f79ad51ad7,PASS
ppm,16,2,1,16,8,1,33554432,29229056,131072,1,10,8,8,15,3,0.037948897,734.540,843.239,420,288,708,828,0.068685899,1.809958,0.226245,7280f9f79ad51ad7,PASS
ppm,16,2,1,16,8,1,33554432,29229056,131072,2,10,8,8,15,3,0.038853173,717.445,823.614,420,288,708,828,0.068685899,1.767832,0.220979,7280f9f79ad51ad7,PASS
ppm,16,2,1,16,8,1,33554432,29229056,131072,3,10,8,8,15,3,0.040390527,690.137,792.265,420,288,708,828,0.068685899,1.700545,0.212568,7280f9f79ad51ad7,PASS
ppm,16,2,1,16,8,1,33554432,29229056,131072,4,10,8,8,15,3,0.036898064,755.460,867.254,420,288,708,828,0.068685899,1.861504,0.232688,7280f9f79ad51ad7,PASS
ppm,16,2,1,16,8,1,33554432,29229056,131072,5,10,8,8,15,3,0.045021111,619.154,710.778,420,288,708,828,0.068685899,1.525638,0.190705,7280f9f79ad51ad7,PASS
ppm,16,2,1,16,8,1,33554432,29229056,131072,6,10,8,8,15,3,0.051432941,541.968,622.169,420,288,708,828,0.068685899,1.335446,0.166931,7280f9f79ad51ad7,PASS
ppm,16,2,1,16,8,1,33554432,29229056,131072,7,10,8,8,15,3,0.063547045,438.651,503.564,420,288,708,828,0.068685899,1.080867,0.135108,7280f9f79ad51ad7,PASS
ppm,16,2,1,16,8,1,33554432,29229056,131072,8,10,8,8,15,3,0.038813927,718.170,824.446,420,288,708,828,0.068685899,1.769620,0.221202,7280f9f79ad51ad7,PASS
ppm,16,2,1,16,8,1,33554432,29229056,131072,9,10,8,8,15,3,0.037908489,735.323,844.138,420,288,708,828,0.068685899,1.811887,0.226486,7280f9f79ad51ad7,PASS
ppm,16,2,1,16,8,1,33554432,29229056,131072,10,10,8,8,15,3,0.038082548,731.963,840.280,420,288,708,828,0.068685899,1.803606,0.225451,7280f9f79ad51ad7,PASS
baseline,16,2,2,16,16,1,33554432,29097984,131072,1,10,1,1,0,34,0.077163416,359.626,414.704,0,1084,1084,1084,0.077669972,1.006565,1.006565,4faad3f7034343e7,PASS
baseline,16,2,2,16,16,1,33554432,29097984,131072,2,10,1,1,0,34,0.075879444,365.712,421.722,0,1084,1084,1084,0.077669972,1.023597,1.023597,4faad3f7034343e7,PASS
baseline,16,2,2,16,16,1,33554432,29097984,131072,3,10,1,1,0,34,0.079054381,351.024,404.785,0,1084,1084,1084,0.077669972,0.982488,0.982488,4faad3f7034343e7,PASS
baseline,16,2,2,16,16,1,33554432,29097984,131072,4,10,1,1,0,34,0.077410758,358.477,413.379,0,1084,1084,1084,0.077669972,1.003349,1.003349,4faad3f7034343e7,PASS
baseline,16,2,2,16,16,1,33554432,29097984,131072,5,10,1,1,0,34,0.078558900,353.238,407.338,0,1084,1084,1084,0.077669972,0.988685,0.988685,4faad3f7034343e7,PASS
baseline,16,2,2,16,16,1,33554432,29097984,131072,6,10,1,1,0,34,0.081315045,341.265,393.531,0,1084,1084,1084,0.077669972,0.955173,0.955173,4faad3f7034343e7,PASS
baseline,16,2,2,16,16,1,33554432,29097984,131072,7,10,1,1,0,34,0.079845260,347.547,400.775,0,1084,1084,1084,0.077669972,0.972756,0.972756,4faad3f7034343e7,PASS
baseline,16,2,2,16,16,1,33554432,29097984,131072,8,10,1,1,0,34,0.074898188,370.503,427.247,0,1084,1084,1084,0.077669972,1.037007,1.037007,4faad3f7034343e7,PASS
baseline,16,2,2,16,16,1,33554432,29097984,131072,9,10,1,1,0,34,0.077929187,356.093,410.629,0,1084,1084,1084,0.077669972,0.996674,0.996674,4faad3f7034343e7,PASS
baseline,16,2,2,16,16,1,33554432,29097984,131072,10,10,1,1,0,34,0.075629627,366.920,423.115,0,1084,1084,1084,0.077669972,1.026978,1.026978,4faad3f7034343e7,PASS
ppm,16,2,2,16,16,1,33554432,29097984,131072,1,10,1,1,15,4,0.071845510,386.245,445.400,420,544,964,1084,0.077669972,1.081069,1.081069,4faad3f7034343e7,PASS
ppm,16,2,2,16,16,1,33554432,29097984,131072,2,10,1,1,15,4,0.070942249,391.163,451.071,420,544,964,1084,0.077669972,1.094834,1.094834,4faad3f7034343e7,PASS
ppm,16,2,2,16,16,1,33554432,29097984,131072,3,10,1,1,15,4,0.071476496,388.240,447.700,420,544,964,1084,0.077669972,1.086651,1.086651,4faad3f7034343e7,PASS
ppm,16,2,2,16,16,1,33554432,29097984,131072,4,10,1,1,15,4,0.069976841,396.560,457.294,420,544,964,1084,0.077669972,1.109938,1.109938,4faad3f7034343e7,PASS
ppm,16,2,2,16,16,1,33554432,29097984,131072,5,10,1,1,15,4,0.069851357,397.272,458.116,420,544,964,1084,0.077669972,1.111932,1.111932,4faad3f7034343e7,PASS
ppm,16,2,2,16,16,1,33554432,29097984,131072,6,10,1,1,15,4,0.075572700,367.196,423.433,420,544,964,1084,0.077669972,1.027752,1.027752,4faad3f7034343e7,PASS
ppm,16,2,2,16,16,1,33554432,29097984,131072,7,10,1,1,15,4,0.072716227,381.620,440.067,420,544,964,1084,0.077669972,1.068124,1.068124,4faad3f7034343e7,PASS
ppm,16,2,2,16,16,1,33554432,29097984,131072,8,10,1,1,15,4,0.082383324,336.840,388.428,420,544,964,1084,0.077669972,0.942788,0.942788,4faad3f7034343e7,PASS
ppm,16,2,2,16,16,1,33554432,29097984,131072,9,10,1,1,15,4,0.069761795,397.782,458.704,420,544,964,1084,0.077669972,1.113360,1.113360,4faad3f7034343e7,PASS
ppm,16,2,2,16,16,1,33554432,29097984,131072,10,10,1,1,15,4,0.075496311,367.568,423.862,420,544,964,1084,0.077669972,1.028792,1.028792,4faad3f7034343e7,PASS
ppm,16,2,2,16,16,1,33554432,29097984,131072,1,10,2,2,15,4,0.057489693,482.695,556.622,420,544,964,1084,0.077669972,1.351024,0.675512,4faad3f7034343e7,PASS
ppm,16,2,2,16,16,1,33554432,29097984,131072,2,10,2,2,15,4,0.057635310,481.476,555.215,420,544,964,1084,0.077669972,1.347611,0.673805,4faad3f7034343e7,PASS
ppm,16,2,2,16,16,1,33554432,29097984,131072,3,10,2,2,15,4,0.058854263,471.504,543.716,420,544,964,1084,0.077669972,1.319700,0.659850,4faad3f7034343e7,PASS
ppm,16,2,2,16,16,1,33554432,29097984,131072,4,10,2,2,15,4,0.057613923,481.654,555.421,420,544,964,1084,0.077669972,1.348111,0.674056,4faad3f7034343e7,PASS
ppm,16,2,2,16,16,1,33554432,29097984,131072,5,10,2,2,15,4,0.057582547,481.917,555.724,420,544,964,1084,0.077669972,1.348846,0.674423,4faad3f7034343e7,PASS
ppm,16,2,2,16,16,1,33554432,29097984,131072,6,10,2,2,15,4,0.057540849,482.266,556.127,420,544,964,1084,0.077669972,1.349823,0.674912,4faad3f7034343e7,PASS
ppm,16,2,2,16,16,1,33554432,29097984,131072,7,10,2,2,15,4,0.057594378,481.818,555.610,420,544,964,1084,0.077669972,1.348569,0.674284,4faad3f7034343e7,PASS
ppm,16,2,2,16,16,1,33554432,29097984,131072,8,10,2,2,15,4,0.057524045,482.407,556.289,420,544,964,1084,0.077669972,1.350218,0.675109,4faad3f7034343e7,PASS
ppm,16,2,2,16,16,1,33554432,29097984,131072,9,10,2,2,15,4,0.057515460,482.479,556.372,420,544,964,1084,0.077669972,1.350419,0.675210,4faad3f7034343e7,PASS
ppm,16,2,2,16,16,1,33554432,29097984,131072,10,10,2,2,15,4,0.060521084,458.518,528.741,420,544,964,1084,0.077669972,1.283354,0.641677,4faad3f7034343e7,PASS
ppm,16,2,2,16,16,1,33554432,29097984,131072,1,10,4,4,15,4,0.050457512,549.968,634.197,420,544,964,1084,0.077669972,1.539314,0.384829,4faad3f7034343e7,PASS
ppm,16,2,2,16,16,1,33554432,29097984,131072,2,10,4,4,15,4,0.051894876,534.735,616.631,420,544,964,1084,0.077669972,1.496679,0.374170,4faad3f7034343e7,PASS
ppm,16,2,2,16,16,1,33554432,29097984,131072,3,10,4,4,15,4,0.066390232,417.983,481.999,420,544,964,1084,0.077669972,1.169901,0.292475,4faad3f7034343e7,PASS
ppm,16,2,2,16,16,1,33554432,29097984,131072,4,10,4,4,15,4,0.060523589,458.499,528.719,420,544,964,1084,0.077669972,1.283301,0.320825,4faad3f7034343e7,PASS
ppm,16,2,2,16,16,1,33554432,29097984,131072,5,10,4,4,15,4,0.061955668,447.901,516.498,420,544,964,1084,0.077669972,1.253638,0.313409,4faad3f7034343e7,PASS
ppm,16,2,2,16,16,1,33554432,29097984,131072,6,10,4,4,15,4,0.050310780,551.572,636.047,420,544,964,1084,0.077669972,1.543804,0.385951,4faad3f7034343e7,PASS
ppm,16,2,2,16,16,1,33554432,29097984,131072,7,10,4,4,15,4,0.052866221,524.910,605.301,420,544,964,1084,0.077669972,1.469180,0.367295,4faad3f7034343e7,PASS
ppm,16,2,2,16,16,1,33554432,29097984,131072,8,10,4,4,15,4,0.054951222,504.993,582.335,420,544,964,1084,0.077669972,1.413435,0.353359,4faad3f7034343e7,PASS
ppm,16,2,2,16,16,1,33554432,29097984,131072,9,10,4,4,15,4,0.049686027,558.507,644.044,420,544,964,1084,0.077669972,1.563216,0.390804,4faad3f7034343e7,PASS
ppm,16,2,2,16,16,1,33554432,29097984,131072,10,10,4,4,15,4,0.050986666,544.260,627.615,420,544,964,1084,0.077669972,1.523339,0.380835,4faad3f7034343e7,PASS
ppm,16,2,2,16,16,1,33554432,29097984,131072,1,10,8,8,15,4,0.054512128,509.061,587.025,420,544,964,1084,0.077669972,1.424820,0.178103,4faad3f7034343e7,PASS
ppm,16,2,2,16,16,1,33554432,29097984,131072,2,10,8,8,15,4,0.053075490,522.840,602.915,420,544,964,1084,0.077669972,1.463387,0.182923,4faad3f7034343e7,PASS
ppm,16,2,2,16,16,1,33554432,29097984,131072,3,10,8,8,15,4,0.053396712,519.695,599.288,420,544,964,1084,0.077669972,1.454583,0.181823,4faad3f7034343e7,PASS
ppm,16,2,2,16,16,1,33554432,29097984,131072,4,10,8,8,15,4,0.053288440,520.751,600.505,420,544,964,1084,0.077669972,1.457539,0.182192,4faad3f7034343e7,PASS
ppm,16,2,2,16,16,1,33554432,29097984,131072,5,10,8,8,15,4,0.055968538,495.814,571.750,420,544,964,1084,0.077669972,1.387743,0.173468,4faad3f7034343e7,PASS
ppm,16,2,2,16,16,1,33554432,29097984,131072,6,10,8,8,15,4,0.053296358,520.673,600.416,420,544,964,1084,0.077669972,1.457322,0.182165,4faad3f7034343e7,PASS
ppm,16,2,2,16,16,1,33554432,29097984,131072,7,10,8,8,15,4,0.052089236,532.740,614.330,420,544,964,1084,0.077669972,1.491094,0.186387,4faad3f7034343e7,PASS
ppm,16,2,2,16,16,1,33554432,29097984,131072,8,10,8,8,15,4,0.053365901,519.995,599.634,420,544,964,1084,0.077669972,1.455423,0.181928,4faad3f7034343e7,PASS
ppm,16,2,2,16,16,1,33554432,29097984,131072,9,10,8,8,15,4,0.053211007,521.509,601.379,420,544,964,1084,0.077669972,1.459660,0.182457,4faad3f7034343e7,PASS
ppm,16,2,2,16,16,1,33554432,29097984,131072,10,10,8,8,15,4,0.053350316,520.147,599.809,420,544,964,1084,0.077669972,1.455848,0.181981,4faad3f7034343e7,PASS
baseline,16,2,3,16,32,1,33554432,28966912,131072,1,10,1,1,0,35,0.062372740,442.902,513.045,0,1340,1340,1340,0.062235357,0.997797,0.997797,00554160eb4964c3,PASS
baseline,16,2,3,16,32,1,33554432,28966912,131072,2,10,1,1,0,35,0.062040104,445.276,515.795,0,1340,1340,1340,0.062235357,1.003147,1.003147,00554160eb4964c3,PASS
baseline,16,2,3,16,32,1,33554432,28966912,131072,3,10,1,1,0,35,0.061986681,445.660,516.240,0,1340,1340,1340,0.062235357,1.004012,1.004012,00554160eb4964c3,PASS
baseline,16,2,3,16,32,1,33554432,28966912,131072,4,10,1,1,0,35,0.061643205,448.143,519.116,0,1340,1340,1340,0.062235357,1.009606,1.009606,00554160eb4964c3,PASS
baseline,16,2,3,16,32,1,33554432,28966912,131072,5,10,1,1,0,35,0.062317907,443.292,513.496,0,1340,1340,1340,0.062235357,0.998675,0.998675,00554160eb4964c3,PASS
baseline,16,2,3,16,32,1,33554432,28966912,131072,6,10,1,1,0,35,0.062571550,441.495,511.415,0,1340,1340,1340,0.062235357,0.994627,0.994627,00554160eb4964c3,PASS
baseline,16,2,3,16,32,1,33554432,28966912,131072,7,10,1,1,0,35,0.062191261,444.194,514.542,0,1340,1340,1340,0.062235357,1.000709,1.000709,00554160eb4964c3,PASS
baseline,16,2,3,16,32,1,33554432,28966912,131072,8,10,1,1,0,35,0.062498068,442.014,512.016,0,1340,1340,1340,0.062235357,0.995797,0.995797,00554160eb4964c3,PASS
baseline,16,2,3,16,32,1,33554432,28966912,131072,9,10,1,1,0,35,0.061781692,447.139,517.953,0,1340,1340,1340,0.062235357,1.007343,1.007343,00554160eb4964c3,PASS
baseline,16,2,3,16,32,1,33554432,28966912,131072,10,10,1,1,0,35,0.062279454,443.565,513.813,0,1340,1340,1340,0.062235357,0.999292,0.999292,00554160eb4964c3,PASS
ppm,16,2,3,16,32,1,33554432,28966912,131072,1,10,1,1,15,5,0.053148068,519.774,602.092,420,800,1220,1340,0.062235357,1.170981,1.170981,00554160eb4964c3,PASS
ppm,16,2,3,16,32,1,33554432,28966912,131072,2,10,1,1,15,5,0.052699293,524.201,607.219,420,800,1220,1340,0.062235357,1.180952,1.180952,00554160eb4964c3,PASS
ppm,16,2,3,16,32,1,33554432,28966912,131072,3,10,1,1,15,5,0.052787967,523.320,606.199,420,800,1220,1340,0.062235357,1.178969,1.178969,00554160eb4964c3,PASS
ppm,16,2,3,16,32,1,33554432,28966912,131072,4,10,1,1,15,5,0.053816129,513.322,594.617,420,800,1220,1340,0.062235357,1.156444,1.156444,00554160eb4964c3,PASS
ppm,16,2,3,16,32,1,33554432,28966912,131072,5,10,1,1,15,5,0.052813094,523.071,605.910,420,800,1220,1340,0.062235357,1.178408,1.178408,00554160eb4964c3,PASS
ppm,16,2,3,16,32,1,33554432,28966912,131072,6,10,1,1,15,5,0.054453780,507.311,587.654,420,800,1220,1340,0.062235357,1.142902,1.142902,00554160eb4964c3,PASS
ppm,16,2,3,16,32,1,33554432,28966912,131072,7,10,1,1,15,5,0.053454577,516.794,598.639,420,800,1220,1340,0.062235357,1.164266,1.164266,00554160eb4964c3,PASS
ppm,16,2,3,16,32,1,33554432,28966912,131072,8,10,1,1,15,5,0.052712774,524.067,607.063,420,800,1220,1340,0.062235357,1.180650,1.180650,00554160eb4964c3,PASS
ppm,16,2,3,16,32,1,33554432,28966912,131072,9,10,1,1,15,5,0.054139388,510.257,591.067,420,800,1220,1340,0.062235357,1.149539,1.149539,00554160eb4964c3,PASS
ppm,16,2,3,16,32,1,33554432,28966912,131072,10,10,1,1,15,5,0.053300249,518.290,600.372,420,800,1220,1340,0.062235357,1.167637,1.167637,00554160eb4964c3,PASS
ppm,16,2,3,16,32,1,33554432,28966912,131072,1,10,2,2,15,5,0.047252995,584.619,677.206,420,800,1220,1340,0.062235357,1.317067,0.658533,00554160eb4964c3,PASS
ppm,16,2,3,16,32,1,33554432,28966912,131072,2,10,2,2,15,5,0.045624315,605.489,701.380,420,800,1220,1340,0.062235357,1.364083,0.682042,00554160eb4964c3,PASS
ppm,16,2,3,16,32,1,33554432,28966912,131072,3,10,2,2,15,5,0.045635465,605.341,701.209,420,800,1220,1340,0.062235357,1.363750,0.681875,00554160eb4964c3,PASS
ppm,16,2,3,16,32,1,33554432,28966912,131072,4,10,2,2,15,5,0.045928876,601.473,696.729,420,800,1220,1340,0.062235357,1.355038,0.677519,00554160eb4964c3,PASS
ppm,16,2,3,16,32,1,33554432,28966912,131072,5,10,2,2,15,5,0.045293909,609.905,706.497,420,800,1220,1340,0.062235357,1.374034,0.687017,00554160eb4964c3,PASS
ppm,16,2,3,16,32,1,33554432,28966912,131072,6,10,2,2,15,5,0.045346338,609.200,705.680,420,800,1220,1340,0.062235357,1.372445,0.686223,00554160eb4964c3,PASS
ppm,16,2,3,16,32,1,33554432,28966912,131072,7,10,2,2,15,5,0.045630481,605.407,701.286,420,800,1220,1340,0.062235357,1.363899,0.681949,00554160eb4964c3,PASS
ppm,16,2,3,16,32,1,33554432,28966912,131072,8,10,2,2,15,5,0.045136475,612.033,708.961,420,800,1220,1340,0.062235357,1.378826,0.689413,00554160eb4964c3,PASS
ppm,16,2,3,16,32,1,33554432,28966912,131072,9,10,2,2,15,5,0.054868142,503.480,583.216,420,800,1220,1340,0.062235357,1.134271,0.567136,00554160eb4964c3,PASS
ppm,16,2,3,16,32,1,33554432,28966912,131072,10,10,2,2,15,5,0.046950519,588.385,681.569,420,800,1220,1340,0.062235357,1.325552,0.662776,00554160eb4964c3,PASS
ppm,16,2,3,16,32,1,33554432,28966912,131072,1,10,4,4,15,5,0.045470902,607.531,703.747,420,800,1220,1340,0.062235357,1.368685,0.342171,00554160eb4964c3,PASS
ppm,16,2,3,16,32,1,33554432,28966912,131072,2,10,4,4,15,5,0.045879525,602.120,697.479,420,800,1220,1340,0.062235357,1.356495,0.339124,00554160eb4964c3,PASS
ppm,16,2,3,16,32,1,33554432,28966912,131072,3,10,4,4,15,5,0.044995309,613.953,711.185,420,800,1220,1340,0.062235357,1.383152,0.345788,00554160eb4964c3,PASS
ppm,16,2,3,16,32,1,33554432,28966912,131072,4,10,4,4,15,5,0.049287903,560.482,649.247,420,800,1220,1340,0.062235357,1.262690,0.315673,00554160eb4964c3,PASS
ppm,16,2,3,16,32,1,33554432,28966912,131072,5,10,4,4,15,5,0.052875042,522.458,605.200,420,800,1220,1340,0.062235357,1.177027,0.294257,00554160eb4964c3,PASS
ppm,16,2,3,16,32,1,33554432,28966912,131072,6,10,4,4,15,5,0.044705275,617.936,715.799,420,800,1220,1340,0.062235357,1.392126,0.348031,00554160eb4964c3,PASS
ppm,16,2,3,16,32,1,33554432,28966912,131072,7,10,4,4,15,5,0.043528125,634.647,735.157,420,800,1220,1340,0.062235357,1.429773,0.357443,00554160eb4964c3,PASS
ppm,16,2,3,16,32,1,33554432,28966912,131072,8,10,4,4,15,5,0.043226100,639.081,740.293,420,800,1220,1340,0.062235357,1.439763,0.359941,00554160eb4964c3,PASS
ppm,16,2,3,16,32,1,33554432,28966912,131072,9,10,4,4,15,5,0.043252989,638.684,739.833,420,800,1220,1340,0.062235357,1.438868,0.359717,00554160eb4964c3,PASS
ppm,16,2,3,16,32,1,33554432,28966912,131072,10,10,4,4,15,5,0.044445381,621.549,719.985,420,800,1220,1340,0.062235357,1.400266,0.350067,00554160eb4964c3,PASS
ppm,16,2,3,16,32,1,33554432,28966912,131072,1,10,8,8,15,5,0.041052924,672.912,779.482,420,800,1220,1340,0.062235357,1.515979,0.189497,00554160eb4964c3,PASS
ppm,16,2,3,16,32,1,33554432,28966912,131072,2,10,8,8,15,5,0.040534729,681.514,789.447,420,800,1220,1340,0.062235357,1.535359,0.191920,00554160eb4964c3,PASS
ppm,16,2,3,16,32,1,33554432,28966912,131072,3,10,8,8,15,5,0.040894409,675.520,782.503,420,800,1220,1340,0.062235357,1.521855,0.190232,00554160eb4964c3,PASS
ppm,16,2,3,16,32,1,33554432,28966912,131072,4,10,8,8,15,5,0.041799177,660.898,765.565,420,800,1220,1340,0.062235357,1.488913,0.186114,00554160eb4964c3,PASS
ppm,16,2,3,16,32,1,33554432,28966912,131072,5,10,8,8,15,5,0.041641273,663.404,768.468,420,800,1220,1340,0.062235357,1.494559,0.186820,00554160eb4964c3,PASS
ppm,16,2,3,16,32,1,33554432,28966912,131072,6,10,8,8,15,5,0.041799507,660.893,765.559,420,800,1220,1340,0.062235357,1.488902,0.186113,00554160eb4964c3,PASS
ppm,16,2,3,16,32,1,33554432,28966912,131072,7,10,8,8,15,5,0.043049223,641.707,743.335,420,800,1220,1340,0.062235357,1.445679,0.180710,00554160eb4964c3,PASS
ppm,16,2,3,16,32,1,33554432,28966912,131072,8,10,8,8,15,5,0.046024383,600.225,695.284,420,800,1220,1340,0.062235357,1.352226,0.169028,00554160eb4964c3,PASS
ppm,16,2,3,16,32,1,33554432,28966912,131072,9,10,8,8,15,5,0.046740870,591.025,684.626,420,800,1220,1340,0.062235357,1.331498,0.166437,00554160eb4964c3,PASS
ppm,16,2,3,16,32,1,33554432,28966912,131072,10,10,8,8,15,5,0.041005487,673.690,780.383,420,800,1220,1340,0.062235357,1.517732,0.189717,00554160eb4964c3,PASS
baseline,16,3,1,16,8,1,33554432,27131904,131072,1,10,1,1,0,49,0.101693306,254.442,314.672,0,1159,1159,1159,0.101402309,0.997138,0.997138,0c9d9237eb6f1c47,PASS
baseline,16,3,1,16,8,1,33554432,27131904,131072,2,10,1,1,0,49,0.105522901,245.207,303.252,0,1159,1159,1159,0.101402309,0.960951,0.960951,0c9d9237eb6f1c47,PASS
baseline,16,3,1,16,8,1,33554432,27131904,131072,3,10,1,1,0,49,0.101288720,255.458,315.929,0,1159,1159,1159,0.101402309,1.001121,1.001121,0c9d9237eb6f1c47,PASS
baseline,16,3,1,16,8,1,33554432,27131904,131072,4,10,1,1,0,49,0.101255874,255.541,316.031,0,1159,1159,1159,0.101402309,1.001446,1.001446,0c9d9237eb6f1c47,PASS
baseline,16,3,1,16,8,1,33554432,27131904,131072,5,10,1,1,0,49,0.100736673,256.858,317.660,0,1159,1159,1159,0.101402309,1.006608,1.006608,0c9d9237eb6f1c47,PASS
baseline,16,3,1,16,8,1,33554432,27131904,131072,6,10,1,1,0,49,0.101897846,253.931,314.040,0,1159,1159,1159,0.101402309,0.995137,0.995137,0c9d9237eb6f1c47,PASS
baseline,16,3,1,16,8,1,33554432,27131904,131072,7,10,1,1,0,49,0.101515898,254.886,315.222,0,1159,1159,1159,0.101402309,0.998881,0.998881,0c9d9237eb6f1c47,PASS
baseline,16,3,1,16,8,1,33554432,27131904,131072,8,10,1,1,0,49,0.101286346,255.464,315.936,0,1159,1159,1159,0.101402309,1.001145,1.001145,0c9d9237eb6f1c47,PASS
baseline,16,3,1,16,8,1,33554432,27131904,131072,9,10,1,1,0,49,0.101521187,254.873,315.205,0,1159,1159,1159,0.101402309,0.998829,0.998829,0c9d9237eb6f1c47,PASS
baseline,16,3,1,16,8,1,33554432,27131904,131072,10,10,1,1,0,49,0.101146832,255.816,316.372,0,1159,1159,1159,0.101402309,1.002526,1.002526,0c9d9237eb6f1c47,PASS
ppm,16,3,1,16,8,1,33554432,27131904,131072,1,10,1,1,15,4,0.084881985,304.835,376.994,585,304,889,1159,0.101402309,1.194627,1.194627,0c9d9237eb6f1c47,PASS
ppm,16,3,1,16,8,1,33554432,27131904,131072,2,10,1,1,15,4,0.085328232,303.241,375.022,585,304,889,1159,0.101402309,1.188379,1.188379,0c9d9237eb6f1c47,PASS
ppm,16,3,1,16,8,1,33554432,27131904,131072,3,10,1,1,15,4,0.084808581,305.099,377.320,585,304,889,1159,0.101402309,1.195661,1.195661,0c9d9237eb6f1c47,PASS
ppm,16,3,1,16,8,1,33554432,27131904,131072,4,10,1,1,15,4,0.084961322,304.550,376.642,585,304,889,1159,0.101402309,1.193511,1.193511,0c9d9237eb6f1c47,PASS
ppm,16,3,1,16,8,1,33554432,27131904,131072,5,10,1,1,15,4,0.088187770,293.408,362.862,585,304,889,1159,0.101402309,1.149845,1.149845,0c9d9237eb6f1c47,PASS
ppm,16,3,1,16,8,1,33554432,27131904,131072,6,10,1,1,15,4,0.085445137,302.826,374.509,585,304,889,1159,0.101402309,1.186753,1.186753,0c9d9237eb6f1c47,PASS
ppm,16,3,1,16,8,1,33554432,27131904,131072,7,10,1,1,15,4,0.085627082,302.182,373.714,585,304,889,1159,0.101402309,1.184232,1.184232,0c9d9237eb6f1c47,PASS
ppm,16,3,1,16,8,1,33554432,27131904,131072,8,10,1,1,15,4,0.085109865,304.019,375.985,585,304,889,1159,0.101402309,1.191428,1.191428,0c9d9237eb6f1c47,PASS
ppm,16,3,1,16,8,1,33554432,27131904,131072,9,10,1,1,15,4,0.084734297,305.366,377.651,585,304,889,1159,0.101402309,1.196709,1.196709,0c9d9237eb6f1c47,PASS
ppm,16,3,1,16,8,1,33554432,27131904,131072,10,10,1,1,15,4,0.088660818,291.843,360.926,585,304,889,1159,0.101402309,1.143711,1.143711,0c9d9237eb6f1c47,PASS
ppm,16,3,1,16,8,1,33554432,27131904,131072,1,10,2,2,15,4,0.059501001,434.867,537.806,585,304,889,1159,0.101402309,1.704212,0.852106,0c9d9237eb6f1c47,PASS
ppm,16,3,1,16,8,1,33554432,27131904,131072,2,10,2,2,15,4,0.059303631,436.314,539.596,585,304,889,1159,0.101402309,1.709884,0.854942,0c9d9237eb6f1c47,PASS
ppm,16,3,1,16,8,1,33554432,27131904,131072,3,10,2,2,15,4,0.058366910,443.316,548.256,585,304,889,1159,0.101402309,1.737325,0.868663,0c9d9237eb6f1c47,PASS
ppm,16,3,1,16,8,1,33554432,27131904,131072,4,10,2,2,15,4,0.063769056,405.761,501.811,585,304,889,1159,0.101402309,1.590149,0.795075,0c9d9237eb6f1c47,PASS
ppm,16,3,1,16,8,1,33554432,27131904,131072,5,10,2,2,15,4,0.062205838,415.958,514.421,585,304,889,1159,0.101402309,1.630109,0.815055,0c9d9237eb6f1c47,PASS
ppm,16,3,1,16,8,1,33554432,27131904,131072,6,10,2,2,15,4,0.061048632,423.842,524.172,585,304,889,1159,0.101402309,1.661009,0.830504,0c9d9237eb6f1c47,PASS
ppm,16,3,1,16,8,1,33554432,27131904,131072,7,10,2,2,15,4,0.061141783,423.197,523.374,585,304,889,1159,0.101402309,1.658478,0.829239,0c9d9237eb6f1c47,PASS
ppm,16,3,1,16,8,1,33554432,27131904,131072,8,10,2,2,15,4,0.066519864,388.982,481.059,585,304,889,1159,0.101402309,1.524391,0.762196,0c9d9237eb6f1c47,PASS
ppm,16,3,1,16,8,1,33554432,27131904,131072,9,10,2,2,15,4,0.061049483,423.837,524.165,585,304,889,1159,0.101402309,1.660986,0.830493,0c9d9237eb6f1c47,PASS
ppm,16,3,1,16,8,1,33554432,27131904,131072,10,10,2,2,15,4,0.062472040,414.185,512.229,585,304,889,1159,0.101402309,1.623163,0.811582,0c9d9237eb6f1c47,PASS
ppm,16,3,1,16,8,1,33554432,27131904,131072,1,10,4,4,15,4,0.049277831,525.084,649.379,585,304,889,1159,0.101402309,2.057767,0.514442,0c9d9237eb6f1c47,PASS
ppm,16,3,1,16,8,1,33554432,27131904,131072,2,10,4,4,15,4,0.053913241,479.938,593.546,585,304,889,1159,0.101402309,1.880842,0.470211,0c9d9237eb6f1c47,PASS
ppm,16,3,1,16,8,1,33554432,27131904,131072,3,10,4,4,15,4,0.050971746,507.634,627.799,585,304,889,1159,0.101402309,1.989383,0.497346,0c9d9237eb6f1c47,PASS
ppm,16,3,1,16,8,1,33554432,27131904,131072,4,10,4,4,15,4,0.046809287,552.775,683.625,585,304,889,1159,0.101402309,2.166286,0.541572,0c9d9237eb6f1c47,PASS
ppm,16,3,1,16,8,1,33554432,27131904,131072,5,10,4,4,15,4,0.048330669,535.374,662.105,585,304,889,1159,0.101402309,2.098094,0.524524,0c9d9237eb6f1c47,PASS
ppm,16,3,1,16,8,1,33554432,27131904,131072,6,10,4,4,15,4,0.046526556,556.134,687.779,585,304,889,1159,0.101402309,2.179450,0.544863,0c9d9237eb6f1c47,PASS
ppm,16,3,1,16,8,1,33554432,27131904,131072,7,10,4,4,15,4,0.046852217,552.268,682.999,585,304,889,1159,0.101402309,2.164301,0.541075,0c9d9237eb6f1c47,PASS
ppm,16,3,1,16,8,1,33554432,27131904,131072,8,10,4,4,15,4,0.048264869,536.104,663.008,585,304,889,1159,0.101402309,2.100955,0.525239,0c9d9237eb6f1c47,PASS
ppm,16,3,1,16,8,1,33554432,27131904,131072,9,10,4,4,15,4,0.046123357,560.996,693.792,585,304,889,1159,0.101402309,2.198502,0.549626,0c9d9237eb6f1c47,PASS
ppm,16,3,1,16,8,1,33554432,27131904,131072,10,10,4,4,15,4,0.048091299,538.039,665.401,585,304,889,1159,0.101402309,2.108538,0.527134,0c9d9237eb6f1c47,PASS
ppm,16,3,1,16,8,1,33554432,27131904,131072,1,10,8,8,15,4,0.044469176,581.864,719.600,585,304,889,1159,0.101402309,2.280283,0.285035,0c9d9237eb6f1c47,PASS
ppm,16,3,1,16,8,1,33554432,27131904,131072,2,10,8,8,15,4,0.043769651,591.163,731.100,585,304,889,1159,0.101402309,2.316726,0.289591,0c9d9237eb6f1c47,PASS
ppm,16,3,1,16,8,1,33554432,27131904,131072,3,10,8,8,15,4,0.044097533,586.768,725.664,585,304,889,1159,0.101402309,2.299501,0.287438,0c9d9237eb6f1c47,PASS
ppm,16,3,1,16,8,1,33554432,27131904,131072,4,10,8,8,15,4,0.044299064,584.098,722.363,585,304,889,1159,0.101402309,2.289040,0.286130,0c9d9237eb6f1c47,PASS
ppm,16,3,1,16,8,1,33554432,27131904,131072,5,10,8,8,15,4,0.042940129,602.583,745.224,585,304,889,1159,0.101402309,2.361481,0.295185,0c9d9237eb6f1c47,PASS
ppm,16,3,1,16,8,1,33554432,27131904,131072,6,10,8,8,15,4,0.043138804,599.808,741.792,585,304,889,1159,0.101402309,2.350605,0.293826,0c9d9237eb6f1c47,PASS
ppm,16,3,1,16,8,1,33554432,27131904,131072,7,10,8,8,15,4,0.043115091,600.138,742.200,585,304,889,1159,0.101402309,2.351898,0.293987,0c9d9237eb6f1c47,PASS
ppm,16,3,1,16,8,1,33554432,27131904,131072,8,10,8,8,15,4,0.041596107,622.053,769.303,585,304,889,1159,0.101402309,2.437784,0.304723,0c9d9237eb6f1c47,PASS
ppm,16,3,1,16,8,1,33554432,27131904,131072,9,10,8,8,15,4,0.042833609,604.082,747.077,585,304,889,1159,0.101402309,2.367354,0.295919,0c9d9237eb6f1c47,PASS
ppm,16,3,1,16,8,1,33554432,27131904,131072,10,10,8,8,15,4,0.044160661,585.929,724.627,585,304,889,1159,0.101402309,2.296214,0.287027,0c9d9237eb6f1c47,PASS
baseline,16,3,2,16,16,1,33554432,27000832,131072,1,10,1,1,0,50,0.099425433,258.988,321.849,0,1415,1415,1415,0.101497748,1.020843,1.020843,54573baccfacb34b,PASS
baseline,16,3,2,16,16,1,33554432,27000832,131072,2,10,1,1,0,50,0.100493717,256.235,318.428,0,1415,1415,1415,0.101497748,1.009991,1.009991,54573baccfacb34b,PASS
baseline,16,3,2,16,16,1,33554432,27000832,131072,3,10,1,1,0,50,0.100702659,255.703,317.767,0,1415,1415,1415,0.101497748,1.007895,1.007895,54573baccfacb34b,PASS
baseline,16,3,2,16,16,1,33554432,27000832,131072,4,10,1,1,0,50,0.101678061,253.250,314.719,0,1415,1415,1415,0.101497748,0.998227,0.998227,54573baccfacb34b,PASS
baseline,16,3,2,16,16,1,33554432,27000832,131072,5,10,1,1,0,50,0.102503233,251.212,312.185,0,1415,1415,1415,0.101497748,0.990191,0.990191,54573baccfacb34b,PASS
baseline,16,3,2,16,16,1,33554432,27000832,131072,6,10,1,1,0,50,0.100560088,256.066,318.218,0,1415,1415,1415,0.101497748,1.009324,1.009324,54573baccfacb34b,PASS
baseline,16,3,2,16,16,1,33554432,27000832,131072,7,10,1,1,0,50,0.101317435,254.152,315.839,0,1415,1415,1415,0.101497748,1.001780,1.001780,54573baccfacb34b,PASS
baseline,16,3,2,16,16,1,33554432,27000832,131072,8,10,1,1,0,50,0.103500998,248.790,309.176,0,1415,1415,1415,0.101497748,0.980645,0.980645,54573baccfacb34b,PASS
baseline,16,3,2,16,16,1,33554432,27000832,131072,9,10,1,1,0,50,0.106503706,241.776,300.459,0,1415,1415,1415,0.101497748,0.952997,0.952997,54573baccfacb34b,PASS
baseline,16,3,2,16,16,1,33554432,27000832,131072,10,10,1,1,0,50,0.108674694,236.946,294.457,0,1415,1415,1415,0.101497748,0.933959,0.933959,54573baccfacb34b,PASS
ppm,16,3,2,16,16,1,33554432,27000832,131072,1,10,1,1,15,5,0.087412466,294.580,366.081,585,560,1145,1415,0.101497748,1.161136,1.161136,54573baccfacb34b,PASS
ppm,16,3,2,16,16,1,33554432,27000832,131072,2,10,1,1,15,5,0.085067232,302.702,376.173,585,560,1145,1415,0.101497748,1.193147,1.193147,54573baccfacb34b,PASS
ppm,16,3,2,16,16,1,33554432,27000832,131072,3,10,1,1,15,5,0.084144523,306.021,380.298,585,560,1145,1415,0.101497748,1.206231,1.206231,54573baccfacb34b,PASS
ppm,16,3,2,16,16,1,33554432,27000832,131072,4,10,1,1,15,5,0.084386215,305.145,379.209,585,560,1145,1415,0.101497748,1.202776,1.202776,54573baccfacb34b,PASS
ppm,16,3,2,16,16,1,33554432,27000832,131072,5,10,1,1,15,5,0.084026805,306.450,380.831,585,560,1145,1415,0.101497748,1.207921,1.207921,54573baccfacb34b,PASS
ppm,16,3,2,16,16,1,33554432,27000832,131072,6,10,1,1,15,5,0.085640114,300.677,373.657,585,560,1145,1415,0.101497748,1.185166,1.185166,54573baccfacb34b,PASS
ppm,16,3,2,16,16,1,33554432,27000832,131072,7,10,1,1,15,5,0.085556624,300.970,374.021,585,560,1145,1415,0.101497748,1.186322,1.186322,54573baccfacb34b,PASS
ppm,16,3,2,16,16,1,33554432,27000832,131072,8,10,1,1,15,5,0.084638541,304.235,378.078,585,560,1145,1415,0.101497748,1.199191,1.199191,54573baccfacb34b,PASS
ppm,16,3,2,16,16,1,33554432,27000832,131072,9,10,1,1,15,5,0.085968450,299.528,372.230,585,560,1145,1415,0.101497748,1.180640,1.180640,54573baccfacb34b,PASS
ppm,16,3,2,16,16,1,33554432,27000832,131072,10,10,1,1,15,5,0.085308363,301.846,375.110,585,560,1145,1415,0.101497748,1.189775,1.189775,54573baccfacb34b,PASS
ppm,16,3,2,16,16,1,33554432,27000832,131072,1,10,2,2,15,5,0.067571204,381.079,473.575,585,560,1145,1415,0.101497748,1.502086,0.751043,54573baccfacb34b,PASS
ppm,16,3,2,16,16,1,33554432,27000832,131072,2,10,2,2,15,5,0.068900734,373.726,464.436,585,560,1145,1415,0.101497748,1.473101,0.736551,54573baccfacb34b,PASS
ppm,16,3,2,16,16,1,33554432,27000832,131072,3,10,2,2,15,5,0.065490263,393.188,488.622,585,560,1145,1415,0.101497748,1.549814,0.774907,54573baccfacb34b,PASS
ppm,16,3,2,16,16,1,33554432,27000832,131072,4,10,2,2,15,5,0.067689949,380.411,472.744,585,560,1145,1415,0.101497748,1.499451,0.749725,54573baccfacb34b,PASS
ppm,16,3,2,16,16,1,33554432,27000832,131072,5,10,2,2,15,5,0.065871797,390.911,485.792,585,560,1145,1415,0.101497748,1.540838,0.770419,54573baccfacb34b,PASS
ppm,16,3,2,16,16,1,33554432,27000832,131072,6,10,2,2,15,5,0.066010603,390.089,484.771,585,560,1145,1415,0.101497748,1.537598,0.768799,54573baccfacb34b,PASS
ppm,16,3,2,16,16,1,33554432,27000832,131072,7,10,2,2,15,5,0.066211211,388.907,483.302,585,560,1145,1415,0.101497748,1.532939,0.766470,54573baccfacb34b,PASS
ppm,16,3,2,16,16,1,33554432,27000832,131072,8,10,2,2,15,5,0.066566962,386.829,480.719,585,560,1145,1415,0.101497748,1.524747,0.762373,54573baccfacb34b,PASS
ppm,16,3,2,16,16,1,33554432,27000832,131072,9,10,2,2,15,5,0.066459101,387.456,481.499,585,560,1145,1415,0.101497748,1.527221,0.763611,54573baccfacb34b,PASS
ppm,16,3,2,16,16,1,33554432,27000832,131072,10,10,2,2,15,5,0.066156630,389.228,483.701,585,560,1145,1415,0.101497748,1.534204,0.767102,54573baccfacb34b,PASS
ppm,16,3,2,16,16,1,33554432,27000832,131072,1,10,4,4,15,5,0.057058701,451.290,560.826,585,560,1145,1415,0.101497748,1.778830,0.444708,54573baccfacb34b,PASS
ppm,16,3,2,16,16,1,33554432,27000832,131072,2,10,4,4,15,5,0.063837594,403.367,501.272,585,560,1145,1415,0.101497748,1.589937,0.397484,54573baccfacb34b,PASS
ppm,16,3,2,16,16,1,33554432,27000832,131072,3,10,4,4,15,5,0.062630158,411.144,510.936,585,560,1145,1415,0.101497748,1.620589,0.405147,54573baccfacb34b,PASS
ppm,16,3,2,16,16,1,33554432,27000832,131072,4,10,4,4,15,5,0.055841452,461.127,573.051,585,560,1145,1415,0.101497748,1.817606,0.454401,54573baccfacb34b,PASS
ppm,16,3,2,16,16,1,33554432,27000832,131072,5,10,4,4,15,5,0.056231832,457.926,569.073,585,560,1145,1415,0.101497748,1.804987,0.451247,54573baccfacb34b,PASS
ppm,16,3,2,16,16,1,33554432,27000832,131072,6,10,4,4,15,5,0.061758483,416.947,518.147,585,560,1145,1415,0.101497748,1.643462,0.410866,54573baccfacb34b,PASS
ppm,16,3,2,16,16,1,33554432,27000832,131072,7,10,4,4,15,5,0.056077093,459.189,570.643,585,560,1145,1415,0.101497748,1.809968,0.452492,54573baccfacb34b,PASS
ppm,16,3,2,16,16,1,33554432,27000832,131072,8,10,4,4,15,5,0.056254869,457.738,568.840,585,560,1145,1415,0.101497748,1.804248,0.451062,54573baccfacb34b,PASS
ppm,16,3,2,16,16,1,33554432,27000832,131072,9,10,4,4,15,5,0.056392115,456.624,567.455,585,560,1145,1415,0.101497748,1.799857,0.449964,54573baccfacb34b,PASS
ppm,16,3,2,16,16,1,33554432,27000832,131072,10,10,4,4,15,5,0.056621902,454.771,565.152,585,560,1145,1415,0.101497748,1.792553,0.448138,54573baccfacb34b,PASS
ppm,16,3,2,16,16,1,33554432,27000832,131072,1,10,8,8,15,5,0.058920804,437.027,543.102,585,560,1145,1415,0.101497748,1.722613,0.215327,54573baccfacb34b,PASS
ppm,16,3,2,16,16,1,33554432,27000832,131072,2,10,8,8,15,5,0.060053192,428.787,532.861,585,560,1145,1415,0.101497748,1.690131,0.211266,54573baccfacb34b,PASS
ppm,16,3,2,16,16,1,33554432,27000832,131072,3,10,8,8,15,5,0.062520942,411.862,511.829,585,560,1145,1415,0.101497748,1.623420,0.202928,54573baccfacb34b,PASS
ppm,16,3,2,16,16,1,33554432,27000832,131072,4,10,8,8,15,5,0.063102044,408.069,507.115,585,560,1145,1415,0.101497748,1.608470,0.201059,54573baccfacb34b,PASS
ppm,16,3,2,16,16,1,33554432,27000832,131072,5,10,8,8,15,5,0.060566175,425.155,528.348,585,560,1145,1415,0.101497748,1.675816,0.209477,54573baccfacb34b,PASS
ppm,16,3,2,16,16,1,33554432,27000832,131072,6,10,8,8,15,5,0.063166148,407.655,506.600,585,560,1145,1415,0.101497748,1.606838,0.200855,54573baccfacb34b,PASS
ppm,16,3,2,16,16,1,33554432,27000832,131072,7,10,8,8,15,5,0.061282769,420.183,522.170,585,560,1145,1415,0.101497748,1.656220,0.207028,54573baccfacb34b,PASS
ppm,16,3,2,16,16,1,33554432,27000832,131072,8,10,8,8,15,5,0.061319860,419.929,521.854,585,560,1145,1415,0.101497748,1.655218,0.206902,54573baccfacb34b,PASS
ppm,16,3,2,16,16,1,33554432,27000832,131072,9,10,8,8,15,5,0.059322555,434.068,539.424,585,560,1145,1415,0.101497748,1.710947,0.213868,54573baccfacb34b,PASS
ppm,16,3,2,16,16,1,33554432,27000832,131072,10,10,8,8,15,5,0.059390593,433.570,538.806,585,560,1145,1415,0.101497748,1.708987,0.213623,54573baccfacb34b,PASS
baseline,16,3,3,16,32,1,33554432,26869760,131072,1,10,1,1,0,51,0.077332978,331.359,413.795,0,1671,1671,1671,0.077992184,1.008524,1.008524,3c9b5192b0f83a57,PASS
baseline,16,3,3,16,32,1,33554432,26869760,131072,2,10,1,1,0,51,0.078014252,328.466,410.181,0,1671,1671,1671,0.077992184,0.999717,0.999717,3c9b5192b0f83a57,PASS
baseline,16,3,3,16,32,1,33554432,26869760,131072,3,10,1,1,0,51,0.077970117,328.652,410.414,0,1671,1671,1671,0.077992184,1.000283,1.000283,3c9b5192b0f83a57,PASS
baseline,16,3,3,16,32,1,33554432,26869760,131072,4,10,1,1,0,51,0.078814798,325.129,406.015,0,1671,1671,1671,0.077992184,0.989563,0.989563,3c9b5192b0f83a57,PASS
baseline,16,3,3,16,32,1,33554432,26869760,131072,5,10,1,1,0,51,0.078557211,326.195,407.346,0,1671,1671,1671,0.077992184,0.992807,0.992807,3c9b5192b0f83a57,PASS
baseline,16,3,3,16,32,1,33554432,26869760,131072,6,10,1,1,0,51,0.078225686,327.578,409.073,0,1671,1671,1671,0.077992184,0.997015,0.997015,3c9b5192b0f83a57,PASS
baseline,16,3,3,16,32,1,33554432,26869760,131072,7,10,1,1,0,51,0.078841523,325.019,405.877,0,1671,1671,1671,0.077992184,0.989227,0.989227,3c9b5192b0f83a57,PASS
baseline,16,3,3,16,32,1,33554432,26869760,131072,8,10,1,1,0,51,0.077847305,329.170,411.061,0,1671,1671,1671,0.077992184,1.001861,1.001861,3c9b5192b0f83a57,PASS
baseline,16,3,3,16,32,1,33554432,26869760,131072,9,10,1,1,0,51,0.077791741,329.405,411.355,0,1671,1671,1671,0.077992184,1.002577,1.002577,3c9b5192b0f83a57,PASS
baseline,16,3,3,16,32,1,33554432,26869760,131072,10,10,1,1,0,51,0.077968087,328.660,410.424,0,1671,1671,1671,0.077992184,1.000309,1.000309,3c9b5192b0f83a57,PASS
ppm,16,3,3,16,32,1,33554432,26869760,131072,1,10,1,1,15,6,0.062502613,409.983,511.979,585,816,1401,1671,0.077992184,1.247823,1.247823,3c9b5192b0f83a57,PASS
ppm,16,3,3,16,32,1,33554432,26869760,131072,2,10,1,1,15,6,0.062365063,410.887,513.108,585,816,1401,1671,0.077992184,1.250575,1.250575,3c9b5192b0f83a57,PASS
ppm,16,3,3,16,32,1,33554432,26869760,131072,3,10,1,1,15,6,0.062886599,407.480,508.852,585,816,1401,1671,0.077992184,1.240204,1.240204,3c9b5192b0f83a57,PASS
ppm,16,3,3,16,32,1,33554432,26869760,131072,4,10,1,1,15,6,0.062860113,407.651,509.067,585,816,1401,1671,0.077992184,1.240726,1.240726,3c9b5192b0f83a57,PASS
ppm,16,3,3,16,32,1,33554432,26869760,131072,5,10,1,1,15,6,0.062885618,407.486,508.860,585,816,1401,1671,0.077992184,1.240223,1.240223,3c9b5192b0f83a57,PASS
ppm,16,3,3,16,32,1,33554432,26869760,131072,6,10,1,1,15,6,0.062488521,410.075,512.094,585,816,1401,1671,0.077992184,1.248104,1.248104,3c9b5192b0f83a57,PASS
ppm,16,3,3,16,32,1,33554432,26869760,131072,7,10,1,1,15,6,0.062302102,411.302,513.626,585,816,1401,1671,0.077992184,1.251839,1.251839,3c9b5192b0f83a57,PASS
ppm,16,3,3,16,32,1,33554432,26869760,131072,8,10,1,1,15,6,0.063152880,405.761,506.707,585,816,1401,1671,0.077992184,1.234974,1.234974,3c9b5192b0f83a57,PASS
ppm,16,3,3,16,32,1,33554432,26869760,131072,9,10,1,1,15,6,0.062401523,410.647,512.808,585,816,1401,1671,0.077992184,1.249844,1.249844,3c9b5192b0f83a57,PASS
ppm,16,3,3,16,32,1,33554432,26869760,131072,10,10,1,1,15,6,0.062956448,407.027,508.288,585,816,1401,1671,0.077992184,1.238828,1.238828,3c9b5192b0f83a57,PASS
ppm,16,3,3,16,32,1,33554432,26869760,131072,1,10,2,2,15,6,0.050953183,502.913,628.027,585,816,1401,1671,0.077992184,1.530664,0.765332,3c9b5192b0f83a57,PASS
ppm,16,3,3,16,32,1,33554432,26869760,131072,2,10,2,2,15,6,0.050697764,505.446,631.192,585,816,1401,1671,0.077992184,1.538375,0.769188,3c9b5192b0f83a57,PASS
ppm,16,3,3,16,32,1,33554432,26869760,131072,3,10,2,2,15,6,0.050501500,507.411,633.645,585,816,1401,1671,0.077992184,1.544354,0.772177,3c9b5192b0f83a57,PASS
ppm,16,3,3,16,32,1,33554432,26869760,131072,4,10,2,2,15,6,0.050867410,503.761,629.086,585,816,1401,1671,0.077992184,1.533245,0.766622,3c9b5192b0f83a57,PASS
ppm,16,3,3,16,32,1,33554432,26869760,131072,5,10,2,2,15,6,0.051205136,500.438,624.937,585,816,1401,1671,0.077992184,1.523132,0.761566,3c9b5192b0f83a57,PASS
ppm,16,3,3,16,32,1,33554432,26869760,131072,6,10,2,2,15,6,0.052506303,488.037,609.451,585,816,1401,1671,0.077992184,1.485387,0.742694,3c9b5192b0f83a57,PASS
ppm,16,3,3,16,32,1,33554432,26869760,131072,7,10,2,2,15,6,0.051124237,501.230,625.926,585,816,1401,1671,0.077992184,1.525542,0.762771,3c9b5192b0f83a57,PASS
ppm,16,3,3,16,32,1,33554432,26869760,131072,8,10,2,2,15,6,0.050804656,504.383,629.864,585,816,1401,1671,0.077992184,1.535139,0.767569,3c9b5192b0f83a57,PASS
ppm,16,3,3,16,32,1,33554432,26869760,131072,9,10,2,2,15,6,0.050869267,503.742,629.064,585,816,1401,1671,0.077992184,1.533189,0.766594,3c9b5192b0f83a57,PASS
ppm,16,3,3,16,32,1,33554432,26869760,131072,10,10,2,2,15,6,0.051080633,501.658,626.461,585,816,1401,1671,0.077992184,1.526845,0.763422,3c9b5192b0f83a57,PASS
ppm,16,3,3,16,32,1,33554432,26869760,131072,1,10,4,4,15,6,0.046444160,551.738,688.999,585,816,1401,1671,0.077992184,1.679268,0.419817,3c9b5192b0f83a57,PASS
ppm,16,3,3,16,32,1,33554432,26869760,131072,2,10,4,4,15,6,0.049152287,521.339,651.038,585,816,1401,1671,0.077992184,1.586746,0.396686,3c9b5192b0f83a57,PASS
ppm,16,3,3,16,32,1,33554432,26869760,131072,3,10,4,4,15,6,0.045873268,558.604,697.574,585,816,1401,1671,0.077992184,1.700166,0.425042,3c9b5192b0f83a57,PASS
ppm,16,3,3,16,32,1,33554432,26869760,131072,4,10,4,4,15,6,0.046037198,556.615,695.090,585,816,1401,1671,0.077992184,1.694112,0.423528,3c9b5192b0f83a57,PASS
ppm,16,3,3,16,32,1,33554432,26869760,131072,5,10,4,4,15,6,0.046172828,554.980,693.048,585,816,1401,1671,0.077992184,1.689136,0.422284,3c9b5192b0f83a57,PASS
ppm,16,3,3,16,32,1,33554432,26869760,131072,6,10,4,4,15,6,0.046665453,549.121,685.732,585,816,1401,1671,0.077992184,1.671305,0.417826,3c9b5192b0f83a57,PASS
ppm,16,3,3,16,32,1,33554432,26869760,131072,7,10,4,4,15,6,0.048946202,523.534,653.779,585,816,1401,1671,0.077992184,1.593427,0.398357,3c9b5192b0f83a57,PASS
ppm,16,3,3,16,32,1,33554432,26869760,131072,8,10,4,4,15,6,0.050181888,510.642,637.680,585,816,1401,1671,0.077992184,1.554190,0.388547,3c9b5192b0f83a57,PASS
ppm,16,3,3,16,32,1,33554432,26869760,131072,9,10,4,4,15,6,0.048427951,529.137,660.775,585,816,1401,1671,0.077992184,1.610479,0.402620,3c9b5192b0f83a57,PASS
ppm,16,3,3,16,32,1,33554432,26869760,131072,10,10,4,4,15,6,0.048245647,531.136,663.272,585,816,1401,1671,0.077992184,1.616564,0.404141,3c9b5192b0f83a57,PASS
ppm,16,3,3,16,32,1,33554432,26869760,131072,1,10,8,8,15,6,0.044232590,579.324,723.448,585,816,1401,1671,0.077992184,1.763229,0.220404,3c9b5192b0f83a57,PASS
ppm,16,3,3,16,32,1,33554432,26869760,131072,2,10,8,8,15,6,0.042986346,596.120,744.422,585,816,1401,1671,0.077992184,1.814348,0.226793,3c9b5192b0f83a57,PASS
ppm,16,3,3,16,32,1,33554432,26869760,131072,3,10,8,8,15,6,0.043065001,595.031,743.063,585,816,1401,1671,0.077992184,1.811034,0.226379,3c9b5192b0f83a57,PASS
ppm,16,3,3,16,32,1,33554432,26869760,131072,4,10,8,8,15,6,0.049195114,520.885,650.471,585,816,1401,1671,0.077992184,1.585364,0.198171,3c9b5192b0f83a57,PASS
ppm,16,3,3,16,32,1,33554432,26869760,131072,5,10,8,8,15,6,0.046605356,549.830,686.616,585,816,1401,1671,0.077992184,1.673460,0.209182,3c9b5192b0f83a57,PASS
ppm,16,3,3,16,32,1,33554432,26869760,131072,6,10,8,8,15,6,0.050939693,503.046,628.194,585,816,1401,1671,0.077992184,1.531069,0.191384,3c9b5192b0f83a57,PASS
ppm,16,3,3,16,32,1,33554432,26869760,131072,7,10,8,8,15,6,0.052481448,488.268,609.739,585,816,1401,1671,0.077992184,1.486091,0.185761,3c9b5192b0f83a57,PASS
ppm,16,3,3,16,32,1,33554432,26869760,131072,8,10,8,8,15,6,0.044730847,572.871,715.390,585,816,1401,1671,0.077992184,1.743588,0.217949,3c9b5192b0f83a57,PASS
ppm,16,3,3,16,32,1,33554432,26869760,131072,9,10,8,8,15,6,0.045415052,564.240,704.612,585,816,1401,1671,0.077992184,1.717320,0.214665,3c9b5192b0f83a57,PASS
ppm,16,3,3,16,32,1,33554432,26869760,131072,10,10,8,8,15,6,0.044277804,578.732,722.710,585,816,1401,1671,0.077992184,1.761428,0.220179,3c9b5192b0f83a57,PASS
